archive_date,adult_child,speciality,wait_0_6m,wait_6_12m,wait_12_18m,wait_18m_plus,total_waiting,Year,Month,pct_over_12m
26/01/2023,Adult,Anaesthetics,14,4,2,0,21,2023,1,9.523809524
26/01/2023,Child,Orthopaedics,1470,701,266,364,2801,2023,1,22.49196715
26/01/2023,Child,Oral Surgery,116,49,19,29,213,2023,1,22.53521127
26/01/2023,Child,Ophthalmology,2244,836,389,914,4383,2023,1,29.72849646
26/01/2023,Child,Neurology,29,8,4,2,43,2023,1,13.95348837
26/01/2023,Child,Maxillo-Facial,83,36,34,49,202,2023,1,41.08910891
26/01/2023,Child,Immunology,221,54,14,85,374,2023,1,26.47058824
26/01/2023,Child,Haematology,74,12,4,0,90,2023,1,4.444444444
26/01/2023,Child,Gynaecology,469,145,59,2,675,2023,1,9.037037037
26/01/2023,Child,Paed Cardiology,2074,1172,761,150,4157,2023,1,21.91484243
26/01/2023,Child,General Surgery,844,334,195,190,1563,2023,1,24.63211772
26/01/2023,Child,Gastro-Enterology,10,8,2,0,20,2023,1,10
26/01/2023,Child,Endocrinology,19,4,2,0,25,2023,1,8
26/01/2023,Child,Developmental Paediatrics,319,265,179,332,1095,2023,1,46.66666667
26/01/2023,Child,Dermatology,1255,574,277,656,2762,2023,1,33.77986966
26/01/2023,Child,Dental Surgery,217,92,37,151,497,2023,1,37.82696177
26/01/2023,Child,Clinical Immunology,365,127,83,292,867,2023,1,43.25259516
26/01/2023,Child,Clinical (Medical) Genetics,436,402,298,255,1391,2023,1,39.75557153
26/01/2023,Child,Cardiology,26,7,2,16,51,2023,1,35.29411765
26/01/2023,Child,General Medicine,31,4,2,0,37,2023,1,5.405405405
26/01/2023,Child,Cardio-Thoracic Surgery,57,4,4,2,67,2023,1,8.955223881
26/01/2023,Child,Paed Endocrinology,511,228,100,66,905,2023,1,18.34254144
26/01/2023,Child,Paed Haematology,180,59,8,2,249,2023,1,4.016064257
26/01/2023,Child,Vascular Surgery,15,4,0,2,21,2023,1,9.523809524
26/01/2023,Child,Urology,898,489,322,308,2017,2023,1,31.23450669
26/01/2023,Child,Small Volume Specialities,68,17,2,2,89,2023,1,4.494382022
26/01/2023,Child,Rheumatology,286,240,149,722,1397,2023,1,62.34788833
26/01/2023,Child,Plastic Surgery,787,365,234,324,1710,2023,1,32.63157895
26/01/2023,Child,Pain Relief,18,10,2,2,32,2023,1,12.5
26/01/2023,Child,Paediatrics,12649,5241,1382,190,19462,2023,1,8.0772788
26/01/2023,Child,Paediatric Urology,450,312,213,229,1204,2023,1,36.71096346
26/01/2023,Child,Paed Gastro-Enterol,575,167,94,10,846,2023,1,12.29314421
26/01/2023,Child,Paediatric Surgery,2341,1559,573,178,4651,2023,1,16.14706515
26/01/2023,Child,Paediatric Neurosurgery,35,4,4,0,43,2023,1,9.302325581
26/01/2023,Child,Paediatric Neurology,867,249,67,2,1185,2023,1,5.82278481
26/01/2023,Child,Paediatric Infectious Diseases,56,12,4,2,74,2023,1,8.108108108
26/01/2023,Child,Paediatric ENT,2760,1363,535,1922,6580,2023,1,37.34042553
26/01/2023,Child,Paediatric Dermatology,2352,1640,708,2212,6912,2023,1,42.24537037
26/01/2023,Child,Paed Orthopaedic,1680,1024,466,698,3868,2023,1,30.09307135
26/01/2023,Child,Paed Nephrology,279,123,21,7,430,2023,1,6.511627907
26/01/2023,Child,Paed Metabolic Medicine,52,8,0,2,62,2023,1,3.225806452
26/01/2023,Child,Paediatric Respiratory Medicine,637,428,255,683,2003,2023,1,46.82975537
26/01/2023,Adult,Vascular Surgery,7001,3143,1601,2298,14043,2023,1,27.76472264
26/01/2023,Child,Otolaryngology (ENT),4067,2204,1103,1697,9071,2023,1,30.86760004
26/01/2023,Adult,Small Volume Specialities,64,30,21,2,117,2023,1,19.65811966
26/01/2023,Adult,Infectious Diseases,1276,60,4,0,1340,2023,1,0.298507463
26/01/2023,Adult,Hepato-Biliary Surgery,70,32,8,0,110,2023,1,7.272727273
26/01/2023,Adult,Haematology,5160,2053,744,1193,9150,2023,1,21.16939891
26/01/2023,Adult,Gynaecology,19615,5619,1218,1659,28111,2023,1,10.2344278
26/01/2023,Adult,Geriatric Medicine,3142,339,89,106,3676,2023,1,5.304678999
26/01/2023,Adult,General Surgery,24875,5984,2796,2285,35940,2023,1,14.13745131
26/01/2023,Adult,General Medicine,10222,5331,2250,2334,20137,2023,1,22.76406615
26/01/2023,Adult,Gastro-Intestinal Surgery,476,180,24,18,698,2023,1,6.017191977
26/01/2023,Adult,Gastro-Enterology,9365,3375,1236,1387,15363,2023,1,17.07348825
26/01/2023,Adult,Endocrinology,7472,4646,2225,4157,18500,2023,1,34.4972973
26/01/2023,Adult,Diabetes Mellitus,1017,461,213,200,1891,2023,1,21.84029614
26/01/2023,Adult,Dermatology,21568,8422,3069,6947,40006,2023,1,25.03624456
26/01/2023,Adult,Clinical Neurophysiology,786,569,381,343,2079,2023,1,34.82443482
26/01/2023,Adult,Clinical Immunology,1140,666,48,5,1859,2023,1,2.850995159
26/01/2023,Adult,Clinical (Medical) Genetics,990,811,617,438,2856,2023,1,36.93977591
26/01/2023,Adult,Chemical Pathology,46,47,29,2,124,2023,1,25
26/01/2023,Adult,Cardiology,17660,9041,3670,2300,32671,2023,1,18.27308622
26/01/2023,Adult,Cardio-Thoracic Surgery,326,50,10,19,405,2023,1,7.160493827
26/01/2023,Adult,Urology,12048,5325,2623,4802,24798,2023,1,29.9419308
26/01/2023,Adult,Maxillo-Facial,1198,449,323,996,2966,2023,1,44.47066757
26/01/2023,Adult,Metabolic Medicine,135,25,11,14,185,2023,1,13.51351351
26/01/2023,Adult,Breast Surgery,2198,8,0,0,2206,2023,1,0
26/01/2023,Adult,Plastic Surgery,7204,3324,1810,4625,16963,2023,1,37.93550669
26/01/2023,Adult,Rheumatology,7211,3470,1583,3173,15437,2023,1,30.80909503
26/01/2023,Adult,Respiratory Medicine,10062,4584,1647,2907,19200,2023,1,23.71875
26/01/2023,Adult,Radiotherapy,62,0,0,0,62,2023,1,0
26/01/2023,Adult,Radiology,15,4,2,0,22,2023,1,9.090909091
26/01/2023,Adult,Psychiatry,440,58,7,2,507,2023,1,1.775147929
26/01/2023,Adult,Microbiology,25,0,0,0,25,2023,1,0
26/01/2023,Adult,Pathology,50,41,41,42,174,2023,1,47.70114943
26/01/2023,Adult,Pain Relief,5055,3286,1703,4218,14262,2023,1,41.51591642
26/01/2023,Adult,Paediatric Neurology,15,4,4,0,24,2023,1,16.66666667
26/01/2023,Adult,Paediatrics,81,50,31,6,168,2023,1,22.02380952
26/01/2023,Adult,Otolaryngology (ENT),17771,9460,4664,10841,42736,2023,1,36.28088731
26/01/2023,Adult,Orthopaedics,31631,18467,7348,7691,65137,2023,1,23.08826013
26/01/2023,Adult,Oral Surgery,517,281,238,1188,2224,2023,1,64.11870504
26/01/2023,Adult,Ophthalmology,15127,6538,3607,7974,33246,2023,1,34.83426578
26/01/2023,Adult,Oncology,578,10,0,0,588,2023,1,0
26/01/2023,Adult,Neurosurgery,3530,1941,1064,2129,8664,2023,1,36.85364728
26/01/2023,Adult,Neurology,9411,4913,2892,6148,23364,2023,1,38.69200479
26/01/2023,Adult,Nephrology,2226,588,248,384,3446,2023,1,18.34010447
26/01/2023,Adult,Paediatric Dermatology,36,7,0,0,43,2023,1,0
23/02/2023,Child,Immunology,218,58,19,57,352,2023,2,21.59090909
23/02/2023,Child,Haematology,74,11,4,0,89,2023,2,4.494382022
23/02/2023,Child,Maxillo-Facial,81,31,37,47,196,2023,2,42.85714286
23/02/2023,Adult,Vascular Surgery,6589,3281,1611,2375,13856,2023,2,28.76732102
23/02/2023,Child,Ophthalmology,2221,792,393,882,4288,2023,2,29.73414179
23/02/2023,Child,Oral Surgery,121,50,23,29,223,2023,2,23.31838565
23/02/2023,Child,Orthopaedics,1503,697,260,383,2843,2023,2,22.61695392
23/02/2023,Child,Neurology,30,8,4,6,48,2023,2,20.83333333
23/02/2023,Child,Gynaecology,490,131,63,2,686,2023,2,9.475218659
23/02/2023,Child,Cardio-Thoracic Surgery,55,4,4,5,68,2023,2,13.23529412
23/02/2023,Child,General Medicine,26,4,2,2,34,2023,2,11.76470588
23/02/2023,Child,Endocrinology,19,4,0,0,23,2023,2,0
23/02/2023,Child,Developmental Paediatrics,287,262,188,331,1068,2023,2,48.59550562
23/02/2023,Child,Dermatology,1331,535,284,688,2838,2023,2,34.24947146
23/02/2023,Child,Dental Surgery,217,98,44,123,482,2023,2,34.6473029
23/02/2023,Child,Clinical Immunology,304,131,79,260,774,2023,2,43.79844961
23/02/2023,Child,Clinical (Medical) Genetics,401,355,290,229,1275,2023,2,40.70588235
23/02/2023,Child,Cardiology,37,7,2,15,61,2023,2,27.86885246
23/02/2023,Child,Otolaryngology (ENT),4626,2153,1184,1321,9284,2023,2,26.98190435
23/02/2023,Child,General Surgery,840,327,183,201,1551,2023,2,24.7582205
23/02/2023,Child,Paed Cardiology,2165,1152,771,217,4305,2023,2,22.95005807
23/02/2023,Child,Paediatric Neurology,951,249,68,2,1270,2023,2,5.511811024
23/02/2023,Child,Paed Gastro-Enterol,551,159,98,20,828,2023,2,14.25120773
23/02/2023,Child,Vascular Surgery,15,8,0,2,25,2023,2,8
23/02/2023,Child,Urology,917,494,284,311,2006,2023,2,29.66101695
23/02/2023,Child,Small Volume Specialities,84,19,4,2,108,2023,2,5.555555556
23/02/2023,Child,Rheumatology,291,229,157,628,1305,2023,2,60.1532567
23/02/2023,Child,Plastic Surgery,768,362,253,283,1666,2023,2,32.17286915
23/02/2023,Child,Pain Relief,17,7,2,2,27,2023,2,14.81481481
23/02/2023,Child,Paediatrics,13626,5160,1495,218,20499,2023,2,8.356505195
23/02/2023,Child,Paediatric Urology,446,320,203,140,1109,2023,2,30.92876465
23/02/2023,Child,Paed Endocrinology,511,223,79,59,872,2023,2,15.82568807
23/02/2023,Child,Paediatric Surgery,2315,1621,589,122,4647,2023,2,15.30019367
23/02/2023,Child,Paediatric Neurosurgery,50,4,2,0,55,2023,2,3.636363636
23/02/2023,Child,Paediatric Infectious Diseases,54,9,4,0,67,2023,2,5.970149254
23/02/2023,Child,Paediatric ENT,2991,1365,625,1640,6621,2023,2,34.20933394
23/02/2023,Child,Paediatric Dermatology,2361,1718,715,1985,6779,2023,2,39.82888332
23/02/2023,Child,Paed Orthopaedic,1623,1075,469,693,3860,2023,2,30.10362694
23/02/2023,Child,Paed Nephrology,265,126,22,10,423,2023,2,7.56501182
23/02/2023,Child,Paed Metabolic Medicine,55,2,0,0,57,2023,2,0
23/02/2023,Child,Paed Haematology,192,46,9,2,249,2023,2,4.417670683
23/02/2023,Child,Paediatric Respiratory Medicine,693,417,269,637,2016,2023,2,44.94047619
23/02/2023,Adult,Urology,12402,5431,2636,4687,25156,2023,2,29.11035141
23/02/2023,Adult,Microbiology,20,0,0,0,20,2023,2,0
23/02/2023,Adult,Rheumatology,7188,3392,1561,3076,15217,2023,2,30.47249786
23/02/2023,Adult,Infectious Diseases,1380,61,4,0,1445,2023,2,0.276816609
23/02/2023,Adult,Hepato-Biliary Surgery,67,32,13,0,112,2023,2,11.60714286
23/02/2023,Adult,Haematology,5104,2106,819,1206,9235,2023,2,21.92744992
23/02/2023,Adult,Gynaecology,20150,5512,1205,1523,28390,2023,2,9.60901726
23/02/2023,Adult,Geriatric Medicine,3145,341,91,112,3689,2023,2,5.5028463
23/02/2023,Adult,General Surgery,25077,5996,2641,2380,36094,2023,2,13.91089932
23/02/2023,Adult,General Medicine,10571,5175,2354,2438,20538,2023,2,23.33235953
23/02/2023,Adult,Gastro-Intestinal Surgery,364,97,21,17,499,2023,2,7.615230461
23/02/2023,Adult,Gastro-Enterology,9751,3306,1319,1288,15664,2023,2,16.64325843
23/02/2023,Adult,Endocrinology,7440,4740,2193,4199,18572,2023,2,34.41740254
23/02/2023,Adult,Diabetes Mellitus,1095,472,226,208,2001,2023,2,21.68915542
23/02/2023,Adult,Dermatology,21751,8733,3226,7092,40802,2023,2,25.28797608
23/02/2023,Adult,Clinical Neurophysiology,719,550,393,349,2011,2023,2,36.89706614
23/02/2023,Adult,Clinical Immunology,1217,643,119,7,1986,2023,2,6.344410876
23/02/2023,Adult,Clinical (Medical) Genetics,1023,799,652,505,2979,2023,2,38.83853642
23/02/2023,Adult,Chemical Pathology,39,45,28,5,117,2023,2,28.20512821
23/02/2023,Adult,Cardiology,18477,8994,3958,2306,33735,2023,2,18.56825256
23/02/2023,Adult,Cardio-Thoracic Surgery,318,59,12,20,409,2023,2,7.82396088
23/02/2023,Adult,Small Volume Specialities,70,15,7,0,92,2023,2,7.608695652
23/02/2023,Adult,Maxillo-Facial,1157,448,358,985,2948,2023,2,45.55630936
23/02/2023,Adult,Metabolic Medicine,113,42,14,12,181,2023,2,14.36464088
23/02/2023,Adult,Breast Surgery,2379,5,0,0,2384,2023,2,0
23/02/2023,Adult,Nephrology,2216,547,248,378,3389,2023,2,18.47152552
23/02/2023,Adult,Radiotherapy,61,0,0,0,61,2023,2,0
23/02/2023,Adult,Radiology,16,4,2,0,23,2023,2,8.695652174
23/02/2023,Adult,Psychiatry,463,45,2,2,512,2023,2,0.78125
23/02/2023,Adult,Plastic Surgery,7285,3405,1884,4629,17203,2023,2,37.85967564
23/02/2023,Adult,Pathology,50,43,34,50,177,2023,2,47.45762712
23/02/2023,Adult,Pain Relief,5163,3211,1844,4219,14437,2023,2,41.99625961
23/02/2023,Adult,Paediatrics,89,57,32,6,184,2023,2,20.65217391
23/02/2023,Adult,Paediatric Surgery,4,4,10,2,21,2023,2,57.14285714
23/02/2023,Adult,Paediatric Neurology,13,8,4,0,26,2023,2,15.38461538
23/02/2023,Adult,Respiratory Medicine,10682,4633,1843,2821,19979,2023,2,23.34451174
23/02/2023,Adult,Paediatric Dermatology,30,11,4,0,46,2023,2,8.695652174
23/02/2023,Adult,Otolaryngology (ENT),18521,9174,4961,9967,42623,2023,2,35.0233442
23/02/2023,Adult,Orthopaedics,31541,18898,7434,7771,65644,2023,2,23.16281762
23/02/2023,Adult,Oral Surgery,531,308,231,1202,2272,2023,2,63.0721831
23/02/2023,Adult,Ophthalmology,15446,6585,3753,7757,33541,2023,2,34.31621001
23/02/2023,Adult,Oncology,506,4,2,0,513,2023,2,0.389863548
23/02/2023,Adult,Neurosurgery,3602,2051,1123,2223,8999,2023,2,37.1819091
23/02/2023,Adult,Neurology,9415,4979,2922,6003,23319,2023,2,38.27351087
23/02/2023,Adult,Paediatric ENT,7,10,4,0,21,2023,2,19.04761905
30/03/2023,Child,Haematology,76,9,2,2,89,2023,3,4.494382022
30/03/2023,Child,Immunology,235,68,14,30,347,2023,3,12.68011527
30/03/2023,Child,Maxillo-Facial,77,37,31,51,196,2023,3,41.83673469
30/03/2023,Child,Orthopaedics,1490,708,253,409,2860,2023,3,23.14685315
30/03/2023,Child,Ophthalmology,2257,812,330,725,4124,2023,3,25.58195926
30/03/2023,Child,Oral Surgery,123,58,19,32,232,2023,3,21.98275862
30/03/2023,Child,Gynaecology,479,140,69,2,690,2023,3,10.28985507
30/03/2023,Child,Neurology,35,4,4,2,45,2023,3,13.33333333
30/03/2023,Child,General Surgery,887,367,181,163,1598,2023,3,21.52690864
30/03/2023,Child,Developmental Paediatrics,286,268,169,305,1028,2023,3,46.10894942
30/03/2023,Child,Gastro-Enterology,19,4,4,0,27,2023,3,14.81481481
30/03/2023,Child,Endocrinology,20,4,0,0,24,2023,3,0
30/03/2023,Child,Dermatology,1402,532,304,695,2933,2023,3,34.06068871
30/03/2023,Child,Dental Surgery,202,93,48,105,448,2023,3,34.15178571
30/03/2023,Child,Clinical Immunology,380,134,62,248,824,2023,3,37.62135922
30/03/2023,Child,Clinical (Medical) Genetics,447,361,288,203,1299,2023,3,37.79830639
30/03/2023,Child,Cardiology,34,10,2,15,61,2023,3,27.86885246
30/03/2023,Child,Otolaryngology (ENT),5167,2177,1133,994,9471,2023,3,22.45802978
30/03/2023,Child,General Medicine,29,4,2,2,37,2023,3,10.81081081
30/03/2023,Child,Paed Cardiology,2216,1150,703,73,4142,2023,3,18.73491067
30/03/2023,Child,Paediatric Neurology,958,293,41,5,1297,2023,3,3.546646106
30/03/2023,Child,Paed Gastro-Enterol,533,140,93,31,797,2023,3,15.55834379
30/03/2023,Child,Vascular Surgery,13,4,2,2,21,2023,3,19.04761905
30/03/2023,Child,Urology,926,523,212,364,2025,2023,3,28.44444444
30/03/2023,Child,Small Volume Specialities,64,16,4,2,86,2023,3,6.976744186
30/03/2023,Child,Rheumatology,297,202,168,611,1278,2023,3,60.95461659
30/03/2023,Child,Plastic Surgery,748,370,211,268,1597,2023,3,29.99373826
30/03/2023,Child,Pain Relief,16,12,2,2,32,2023,3,12.5
30/03/2023,Child,Paediatrics,13938,5304,1634,252,21128,2023,3,8.926542976
30/03/2023,Child,Paediatric Urology,493,305,220,78,1096,2023,3,27.18978102
30/03/2023,Child,Paediatric Surgery,2400,1608,654,56,4718,2023,3,15.04874947
30/03/2023,Child,Paediatric Respiratory Medicine,748,384,288,585,2005,2023,3,43.54114713
30/03/2023,Child,Paediatric Neurosurgery,38,4,2,0,44,2023,3,4.545454545
30/03/2023,Child,Cardio-Thoracic Surgery,42,2,4,2,50,2023,3,12
30/03/2023,Child,Paediatric Infectious Diseases,51,11,4,2,68,2023,3,8.823529412
30/03/2023,Child,Paediatric ENT,3433,1452,654,1527,7066,2023,3,30.86611945
30/03/2023,Child,Paediatric Dermatology,2467,1710,805,1768,6750,2023,3,38.11851852
30/03/2023,Child,Paed Orthopaedic,1669,1104,474,628,3875,2023,3,28.43870968
30/03/2023,Child,Paed Nephrology,267,133,21,8,429,2023,3,6.75990676
30/03/2023,Child,Paed Metabolic Medicine,44,2,2,0,48,2023,3,4.166666667
30/03/2023,Child,Paed Haematology,193,41,4,0,238,2023,3,1.680672269
30/03/2023,Child,Paed Endocrinology,506,204,49,51,810,2023,3,12.34567901
30/03/2023,Adult,Vascular Surgery,6419,3442,1474,2579,13914,2023,3,29.12893489
30/03/2023,Adult,Maxillo-Facial,1009,439,316,1036,2800,2023,3,48.28571429
30/03/2023,Adult,Small Volume Specialities,87,25,22,2,135,2023,3,17.77777778
30/03/2023,Adult,Hepato-Biliary Surgery,62,29,10,2,103,2023,3,11.65048544
30/03/2023,Adult,Haematology,5023,2057,918,1196,9194,2023,3,22.99325647
30/03/2023,Adult,Gynaecology,20260,5252,1195,1342,28049,2023,3,9.044885736
30/03/2023,Adult,Geriatric Medicine,2976,343,82,116,3517,2023,3,5.629798123
30/03/2023,Adult,General Surgery,24621,6323,2456,2154,35554,2023,3,12.96619227
30/03/2023,Adult,General Medicine,10639,5398,2425,2487,20949,2023,3,23.44741992
30/03/2023,Adult,Gastro-Intestinal Surgery,285,80,25,10,400,2023,3,8.75
30/03/2023,Adult,Gastro-Enterology,9566,3431,1272,1136,15405,2023,3,15.63128854
30/03/2023,Adult,Infectious Diseases,1334,83,4,2,1423,2023,3,0.421644413
30/03/2023,Adult,Endocrinology,7535,4753,2221,4442,18951,2023,3,35.15909451
30/03/2023,Adult,Dermatology,21923,9339,3310,7005,41577,2023,3,24.80938981
30/03/2023,Adult,Clinical Neurophysiology,771,513,393,362,2039,2023,3,37.02795488
30/03/2023,Adult,Clinical Immunology,1254,657,139,5,2055,2023,3,7.00729927
30/03/2023,Adult,Clinical (Medical) Genetics,1001,812,637,617,3067,2023,3,40.88686012
30/03/2023,Adult,Chemical Pathology,45,33,21,6,105,2023,3,25.71428571
30/03/2023,Adult,Cardiology,19056,9327,3928,2388,34699,2023,3,18.20225367
30/03/2023,Adult,Cardio-Thoracic Surgery,282,60,14,22,378,2023,3,9.523809524
30/03/2023,Adult,Breast Surgery,2096,20,0,0,2116,2023,3,0
30/03/2023,Adult,Diabetes Mellitus,1126,467,204,224,2021,2023,3,21.17763483
30/03/2023,Adult,Metabolic Medicine,103,37,10,10,160,2023,3,12.5
30/03/2023,Adult,Urology,12204,5609,2378,4367,24558,2023,3,27.46559166
30/03/2023,Adult,Plastic Surgery,7271,3299,1632,4402,16604,2023,3,36.34064081
30/03/2023,Adult,Rheumatology,7160,3271,1526,2664,14621,2023,3,28.65741057
30/03/2023,Adult,Respiratory Medicine,11131,4711,1856,2619,20317,2023,3,22.02588965
30/03/2023,Adult,Radiotherapy,41,0,0,0,41,2023,3,0
30/03/2023,Adult,Radiology,82,148,7,2,239,2023,3,3.765690377
30/03/2023,Adult,Psychiatry,498,44,4,2,548,2023,3,1.094890511
30/03/2023,Adult,Microbiology,30,0,0,0,30,2023,3,0
30/03/2023,Adult,Pathology,55,50,33,51,189,2023,3,44.44444444
30/03/2023,Adult,Pain Relief,5218,3301,1838,4112,14469,2023,3,41.12239961
30/03/2023,Adult,Paediatric Neurology,11,7,4,0,22,2023,3,18.18181818
30/03/2023,Adult,Paediatrics,101,70,32,5,208,2023,3,17.78846154
30/03/2023,Adult,Otolaryngology (ENT),18869,9630,4316,8294,41109,2023,3,30.67454815
30/03/2023,Adult,Orthopaedics,31307,18568,7174,7788,64837,2023,3,23.07632987
30/03/2023,Adult,Oral Surgery,533,331,215,1232,2311,2023,3,62.61358719
30/03/2023,Adult,Ophthalmology,15986,6598,3579,7386,33549,2023,3,32.68353751
30/03/2023,Adult,Oncology,637,4,2,0,643,2023,3,0.311041991
30/03/2023,Adult,Neurosurgery,3616,2062,1237,2377,9292,2023,3,38.89367198
30/03/2023,Adult,Neurology,9507,5046,2770,5915,23238,2023,3,37.37412858
30/03/2023,Adult,Nephrology,2291,546,232,367,3436,2023,3,17.4330617
30/03/2023,Adult,Paediatric Dermatology,38,14,2,0,54,2023,3,3.703703704
27/04/2023,Child,Gynaecology,488,148,65,13,714,2023,4,10.92436975
27/04/2023,Child,General Surgery,846,373,170,168,1557,2023,4,21.70841362
27/04/2023,Child,Haematology,77,8,4,2,91,2023,4,6.593406593
27/04/2023,Child,Urology,914,520,211,328,1973,2023,4,27.31880385
27/04/2023,Child,Maxillo-Facial,70,39,30,52,191,2023,4,42.93193717
27/04/2023,Child,Neurology,39,4,4,2,48,2023,4,12.5
27/04/2023,Child,Ophthalmology,2238,769,350,732,4089,2023,4,26.46123747
27/04/2023,Child,Immunology,241,78,18,26,363,2023,4,12.12121212
27/04/2023,Child,General Medicine,37,5,2,0,44,2023,4,4.545454545
27/04/2023,Adult,Urology,12455,5799,2313,4272,24839,2023,4,26.5107291
27/04/2023,Child,Developmental Paediatrics,278,265,170,325,1038,2023,4,47.68786127
27/04/2023,Child,Dermatology,1428,526,292,697,2943,2023,4,33.6051648
27/04/2023,Child,Dental Surgery,161,84,47,83,375,2023,4,34.66666667
27/04/2023,Child,Clinical Immunology,384,138,61,243,826,2023,4,36.80387409
27/04/2023,Child,Clinical (Medical) Genetics,450,366,274,170,1260,2023,4,35.23809524
27/04/2023,Child,Cardiology,37,11,4,14,66,2023,4,27.27272727
27/04/2023,Child,Cardio-Thoracic Surgery,33,4,4,0,41,2023,4,9.756097561
27/04/2023,Adult,Vascular Surgery,6560,3448,1445,2402,13855,2023,4,27.7661494
27/04/2023,Child,Oral Surgery,117,60,21,31,229,2023,4,22.70742358
27/04/2023,Child,Gastro-Enterology,20,4,4,0,27,2023,4,14.81481481
27/04/2023,Child,Orthopaedics,1476,716,264,428,2884,2023,4,23.99445215
27/04/2023,Child,Paediatric ENT,3576,1439,679,1549,7243,2023,4,30.7607345
27/04/2023,Child,Paed Cardiology,2142,1162,709,21,4034,2023,4,18.09618245
27/04/2023,Adult,Small Volume Specialities,61,18,13,0,92,2023,4,14.13043478
27/04/2023,Child,Rheumatology,288,184,178,613,1263,2023,4,62.62866192
27/04/2023,Child,Plastic Surgery,716,319,209,272,1516,2023,4,31.72823219
27/04/2023,Child,Pain Relief,19,10,2,2,33,2023,4,12.12121212
27/04/2023,Child,Paediatrics,14023,5478,1744,303,21548,2023,4,9.499721552
27/04/2023,Child,Paediatric Urology,521,281,227,35,1064,2023,4,24.62406015
27/04/2023,Child,Paediatric Surgery,2298,1587,661,30,4576,2023,4,15.10052448
27/04/2023,Child,Paediatric Respiratory Medicine,768,402,292,584,2046,2023,4,42.81524927
27/04/2023,Child,Otolaryngology (ENT),5391,2246,1101,969,9707,2023,4,21.32481714
27/04/2023,Child,Paediatric Neurosurgery,38,4,2,0,44,2023,4,4.545454545
27/04/2023,Child,Paediatric Infectious Diseases,56,8,4,2,70,2023,4,8.571428571
27/04/2023,Child,Paediatric Dermatology,2583,1654,849,1758,6844,2023,4,38.09175921
27/04/2023,Child,Paed Orthopaedic,1607,1115,488,607,3817,2023,4,28.68745088
27/04/2023,Child,Paed Nephrology,277,120,21,7,425,2023,4,6.588235294
27/04/2023,Child,Paed Metabolic Medicine,42,4,2,2,50,2023,4,8
27/04/2023,Child,Paed Haematology,228,30,2,0,260,2023,4,0.769230769
27/04/2023,Child,Paed Gastro-Enterol,488,130,79,46,743,2023,4,16.82368775
27/04/2023,Child,Paed Endocrinology,473,199,35,55,762,2023,4,11.81102362
27/04/2023,Child,Paediatric Neurology,874,262,24,2,1162,2023,4,2.237521515
27/04/2023,Child,Small Volume Specialities,87,21,10,4,122,2023,4,11.47540984
27/04/2023,Adult,Rheumatology,7420,3102,1383,2583,14488,2023,4,27.3743788
27/04/2023,Adult,Radiotherapy,53,0,0,0,53,2023,4,0
27/04/2023,Adult,Hepato-Biliary Surgery,58,26,9,2,95,2023,4,11.57894737
27/04/2023,Adult,Haematology,5288,2180,896,1151,9515,2023,4,21.51339989
27/04/2023,Adult,Gynaecology,20444,5260,1297,1294,28295,2023,4,9.157094893
27/04/2023,Adult,Geriatric Medicine,2988,384,82,110,3564,2023,4,5.387205387
27/04/2023,Adult,General Surgery,24686,6389,2445,2049,35569,2023,4,12.63459754
27/04/2023,Adult,General Medicine,10888,5441,2446,2554,21329,2023,4,23.44226171
27/04/2023,Adult,Gastro-Intestinal Surgery,227,65,26,7,325,2023,4,10.15384615
27/04/2023,Adult,Endocrinology,7510,4742,2397,4602,19251,2023,4,36.35655291
27/04/2023,Adult,Infectious Diseases,1311,150,2,2,1465,2023,4,0.273037543
27/04/2023,Adult,Diabetes Mellitus,1240,515,213,223,2191,2023,4,19.89958923
27/04/2023,Adult,Clinical Neurophysiology,762,513,374,323,1972,2023,4,35.34482759
27/04/2023,Adult,Clinical Immunology,1230,628,218,5,2081,2023,4,10.71600192
27/04/2023,Adult,Clinical (Medical) Genetics,930,830,644,660,3064,2023,4,42.55874674
27/04/2023,Adult,Chemical Pathology,52,33,12,2,100,2023,4,14
27/04/2023,Adult,Cardiology,18876,9795,3818,2291,34780,2023,4,17.56469235
27/04/2023,Adult,Cardio-Thoracic Surgery,301,50,14,21,386,2023,4,9.067357513
27/04/2023,Adult,Breast Surgery,2046,32,2,0,2080,2023,4,0.096153846
27/04/2023,Adult,Respiratory Medicine,11512,4831,1837,2679,20859,2023,4,21.65012704
27/04/2023,Adult,Dermatology,22068,9557,3397,6832,41854,2023,4,24.43971902
27/04/2023,Adult,Maxillo-Facial,1070,450,284,1031,2835,2023,4,46.38447972
27/04/2023,Adult,Gastro-Enterology,9823,3443,1268,1021,15555,2023,4,14.71552555
27/04/2023,Adult,Microbiology,36,0,0,0,36,2023,4,0
27/04/2023,Adult,Metabolic Medicine,100,39,8,9,156,2023,4,10.8974359
27/04/2023,Adult,Plastic Surgery,7554,3257,1570,4319,16700,2023,4,35.26347305
27/04/2023,Adult,Pathology,57,56,25,53,191,2023,4,40.83769634
27/04/2023,Adult,Palliative Medicine,24,0,2,0,26,2023,4,7.692307692
27/04/2023,Adult,Pain Relief,5305,3297,1843,3953,14398,2023,4,40.25559105
27/04/2023,Adult,Paediatrics,95,71,28,2,196,2023,4,15.30612245
27/04/2023,Adult,Paediatric Surgery,7,4,7,2,20,2023,4,45
27/04/2023,Adult,Paediatric Neurology,11,9,0,0,20,2023,4,0
27/04/2023,Adult,Paediatric ENT,8,9,4,0,22,2023,4,18.18181818
27/04/2023,Adult,Psychiatry,454,41,2,2,499,2023,4,0.801603206
27/04/2023,Adult,Otolaryngology (ENT),18830,9836,4253,7775,40694,2023,4,29.55718288
27/04/2023,Adult,Paediatric Dermatology,31,17,4,0,52,2023,4,7.692307692
27/04/2023,Adult,Neurology,9518,5196,2753,5805,23272,2023,4,36.77380543
27/04/2023,Adult,Neurosurgery,3629,2187,1249,2519,9584,2023,4,39.31552588
27/04/2023,Adult,Oncology,597,2,0,0,599,2023,4,0
27/04/2023,Adult,Nephrology,2315,551,227,338,3431,2023,4,16.46750219
27/04/2023,Adult,Oral Surgery,506,325,221,1225,2277,2023,4,63.50461133
27/04/2023,Adult,Orthopaedics,30894,18588,6816,7689,63987,2023,4,22.66866707
27/04/2023,Adult,Ophthalmology,15985,6637,3486,7416,33524,2023,4,32.51998568
25/05/2023,Child,Haematology,69,16,4,2,91,2023,5,6.593406593
25/05/2023,Child,Orthopaedics,1580,698,278,437,2993,2023,5,23.88907451
25/05/2023,Child,Oral Surgery,101,74,23,30,228,2023,5,23.24561404
25/05/2023,Child,Ophthalmology,2257,741,401,689,4088,2023,5,26.66340509
25/05/2023,Child,Neurology,35,8,2,2,47,2023,5,8.510638298
25/05/2023,Child,Maxillo-Facial,83,35,27,53,198,2023,5,40.4040404
25/05/2023,Child,Otolaryngology (ENT),5756,2176,1101,876,9909,2023,5,19.95155919
25/05/2023,Child,Immunology,256,75,8,9,348,2023,5,4.885057471
25/05/2023,Child,Gynaecology,512,131,66,17,726,2023,5,11.43250689
25/05/2023,Child,Developmental Paediatrics,295,250,175,309,1029,2023,5,47.03595724
25/05/2023,Child,General Medicine,33,4,2,0,39,2023,5,5.128205128
25/05/2023,Child,Gastro-Enterology,22,4,4,0,30,2023,5,13.33333333
25/05/2023,Child,Dermatology,1477,505,313,723,3018,2023,5,34.32736912
25/05/2023,Child,Dental Surgery,158,83,41,25,307,2023,5,21.49837134
25/05/2023,Child,Clinical Immunology,475,144,55,225,899,2023,5,31.14571746
25/05/2023,Child,Clinical (Medical) Genetics,469,350,286,138,1243,2023,5,34.11102172
25/05/2023,Child,Cardiology,48,12,4,14,78,2023,5,23.07692308
25/05/2023,Child,Paed Cardiology,2100,1116,706,89,4011,2023,5,19.82049364
25/05/2023,Child,General Surgery,809,373,163,174,1519,2023,5,22.18564845
25/05/2023,Child,Paed Endocrinology,460,211,38,59,768,2023,5,12.63020833
25/05/2023,Child,Cardio-Thoracic Surgery,39,4,2,0,45,2023,5,4.444444444
25/05/2023,Child,Paed Haematology,216,21,2,2,241,2023,5,1.659751037
25/05/2023,Child,Urology,958,479,171,316,1924,2023,5,25.31185031
25/05/2023,Child,Small Volume Specialities,78,17,13,2,110,2023,5,13.63636364
25/05/2023,Child,Rheumatology,310,161,181,610,1262,2023,5,62.67828843
25/05/2023,Child,Respiratory Medicine,18,2,2,0,22,2023,5,9.090909091
25/05/2023,Child,Plastic Surgery,797,290,190,271,1548,2023,5,29.78036176
25/05/2023,Child,Pain Relief,26,4,4,2,36,2023,5,16.66666667
25/05/2023,Child,Paediatrics,14086,5420,1838,349,21693,2023,5,10.08159314
25/05/2023,Child,Paediatric Urology,575,281,198,23,1077,2023,5,20.51996286
25/05/2023,Child,Paed Gastro-Enterol,566,127,74,58,825,2023,5,16
25/05/2023,Child,Paediatric Surgery,2313,1438,683,21,4455,2023,5,15.80246914
25/05/2023,Child,Paediatric Neurosurgery,30,4,0,0,34,2023,5,0
25/05/2023,Child,Paediatric Neurology,837,283,16,0,1136,2023,5,1.408450704
25/05/2023,Child,Paediatric Infectious Diseases,66,4,4,2,76,2023,5,7.894736842
25/05/2023,Child,Paediatric ENT,3843,1320,696,1640,7499,2023,5,31.15082011
25/05/2023,Child,Paediatric Dermatology,2743,1532,903,1765,6943,2023,5,38.42719286
25/05/2023,Child,Paed Orthopaedic,1668,1047,516,641,3872,2023,5,29.88119835
25/05/2023,Child,Paed Nephrology,297,111,22,2,432,2023,5,5.555555556
25/05/2023,Child,Paed Metabolic Medicine,43,4,2,0,49,2023,5,4.081632653
25/05/2023,Child,Paediatric Respiratory Medicine,831,377,293,567,2068,2023,5,41.5860735
25/05/2023,Adult,Vascular Surgery,6733,3259,1552,2123,13667,2023,5,26.88958806
25/05/2023,Adult,Geriatric Medicine,3151,431,89,112,3783,2023,5,5.313243458
25/05/2023,Adult,Small Volume Specialities,90,34,16,4,145,2023,5,13.79310345
25/05/2023,Adult,Hepato-Biliary Surgery,73,23,2,0,98,2023,5,2.040816327
25/05/2023,Adult,Haematology,5291,2097,917,1023,9328,2023,5,20.79759863
25/05/2023,Adult,Gynaecology,20838,5235,1350,1332,28755,2023,5,9.327073552
25/05/2023,Adult,General Surgery,24864,6316,2405,1764,35349,2023,5,11.79382727
25/05/2023,Adult,General Medicine,11153,5173,2548,2591,21465,2023,5,23.94129979
25/05/2023,Adult,Gastro-Intestinal Surgery,175,54,25,9,263,2023,5,12.92775665
25/05/2023,Adult,Gastro-Enterology,10055,3462,1245,845,15607,2023,5,13.39142692
25/05/2023,Adult,Endocrinology,7923,4612,2597,4680,19812,2023,5,36.73026449
25/05/2023,Adult,Diabetes Mellitus,1249,483,223,217,2172,2023,5,20.25782689
25/05/2023,Adult,Dermatology,22820,9564,3641,6939,42964,2023,5,24.62526767
25/05/2023,Adult,Clinical Neurophysiology,698,462,418,292,1870,2023,5,37.96791444
25/05/2023,Adult,Clinical Immunology,1273,616,279,8,2176,2023,5,13.18933824
25/05/2023,Adult,Clinical (Medical) Genetics,952,805,685,704,3146,2023,5,44.15130324
25/05/2023,Adult,Chemical Pathology,58,30,11,2,101,2023,5,12.87128713
25/05/2023,Adult,Cardiology,19686,9302,3920,2163,35071,2023,5,17.3448148
25/05/2023,Adult,Cardio-Thoracic Surgery,279,45,23,20,367,2023,5,11.71662125
25/05/2023,Adult,Breast Surgery,2099,11,2,0,2112,2023,5,0.09469697
25/05/2023,Adult,Infectious Diseases,1442,209,2,2,1655,2023,5,0.241691843
25/05/2023,Adult,Maxillo-Facial,1177,460,262,1049,2948,2023,5,44.47082768
25/05/2023,Adult,Urology,12558,5631,2271,4285,24745,2023,5,26.49424126
25/05/2023,Adult,Microbiology,30,2,0,0,33,2023,5,0
25/05/2023,Adult,Metabolic Medicine,77,35,4,7,123,2023,5,8.943089431
25/05/2023,Adult,Rheumatology,7658,3073,1355,2469,14555,2023,5,26.2727585
25/05/2023,Adult,Radiotherapy,34,0,0,0,34,2023,5,0
25/05/2023,Adult,Psychiatry,432,43,5,0,480,2023,5,1.041666667
25/05/2023,Adult,Plastic Surgery,7730,3182,1574,4244,16730,2023,5,34.77585176
25/05/2023,Adult,Pathology,49,44,33,62,188,2023,5,50.53191489
25/05/2023,Adult,Palliative Medicine,24,0,2,0,26,2023,5,7.692307692
25/05/2023,Adult,Pain Relief,5626,3255,1884,3848,14613,2023,5,39.22534729
25/05/2023,Adult,Paediatrics,99,78,29,6,212,2023,5,16.50943396
25/05/2023,Adult,Respiratory Medicine,12098,4881,1884,2684,21547,2023,5,21.20016708
25/05/2023,Adult,Otolaryngology (ENT),19473,9112,4274,7687,40546,2023,5,29.49982736
25/05/2023,Adult,Paediatric Dermatology,17,28,4,0,50,2023,5,8
25/05/2023,Adult,Nephrology,2379,485,254,320,3438,2023,5,16.69575334
25/05/2023,Adult,Neurosurgery,3678,2081,1250,2333,9342,2023,5,38.35367159
25/05/2023,Adult,Oncology,552,4,0,0,556,2023,5,0
25/05/2023,Adult,Neurology,9846,4948,2781,5651,23226,2023,5,36.30414191
25/05/2023,Adult,Ophthalmology,16370,6474,3499,7307,33650,2023,5,32.11292719
25/05/2023,Adult,Oral Surgery,594,325,217,1226,2362,2023,5,61.09229467
25/05/2023,Adult,Orthopaedics,31985,18363,6795,7520,64663,2023,5,22.13785318
29/06/2023,Child,Orthopaedics,1566,670,302,446,2984,2023,6,25.06702413
29/06/2023,Child,Ophthalmology,2166,744,408,650,3968,2023,6,26.66330645
29/06/2023,Child,Neurology,27,8,4,2,40,2023,6,15
29/06/2023,Child,Maxillo-Facial,191,103,46,87,427,2023,6,31.14754098
29/06/2023,Child,Immunology,253,73,4,6,336,2023,6,2.976190476
29/06/2023,Child,Haematology,68,14,4,2,88,2023,6,6.818181818
29/06/2023,Child,Otolaryngology (ENT),5861,2239,1001,628,9729,2023,6,16.74375578
29/06/2023,Child,Gynaecology,537,131,61,12,741,2023,6,9.851551957
29/06/2023,Child,Developmental Paediatrics,260,232,194,302,988,2023,6,50.20242915
29/06/2023,Child,Gastro-Enterology,26,4,2,0,32,2023,6,6.25
29/06/2023,Child,Dermatology,1555,473,340,710,3078,2023,6,34.11306043
29/06/2023,Child,Dental Surgery,176,86,44,12,318,2023,6,17.61006289
29/06/2023,Child,Clinical Immunology,494,161,60,208,923,2023,6,29.03575298
29/06/2023,Child,Clinical (Medical) Genetics,492,355,294,65,1206,2023,6,29.76782753
29/06/2023,Child,Paed Cardiology,2147,1152,642,188,4129,2023,6,20.10171954
29/06/2023,Child,Cardiology,43,12,6,16,77,2023,6,28.57142857
29/06/2023,Child,General Surgery,862,357,165,167,1551,2023,6,21.40554481
29/06/2023,Child,Paed Endocrinology,458,195,28,50,731,2023,6,10.67031464
29/06/2023,Child,Paediatric Neurosurgery,26,2,0,0,28,2023,6,0
29/06/2023,Child,Paed Haematology,231,17,2,2,252,2023,6,1.587301587
29/06/2023,Child,Urology,965,466,161,326,1918,2023,6,25.39103233
29/06/2023,Child,Small Volume Specialities,59,19,11,0,89,2023,6,12.35955056
29/06/2023,Child,Rheumatology,311,156,172,611,1250,2023,6,62.64
29/06/2023,Child,Respiratory Medicine,18,4,2,0,24,2023,6,8.333333333
29/06/2023,Child,Plastic Surgery,748,291,163,259,1461,2023,6,28.8843258
29/06/2023,Child,Pain Relief,19,4,2,2,27,2023,6,14.81481481
29/06/2023,Child,Paediatrics,14007,5122,1736,444,21309,2023,6,10.23041907
29/06/2023,Child,Paediatric Urology,592,291,187,33,1103,2023,6,19.9456029
29/06/2023,Child,Paed Gastro-Enterol,577,137,61,76,851,2023,6,16.0987074
29/06/2023,Child,Paediatric Surgery,2298,1363,559,25,4245,2023,6,13.7573616
29/06/2023,Child,Cardio-Thoracic Surgery,59,2,4,0,64,2023,6,6.25
29/06/2023,Child,Paediatric Neurology,783,294,17,2,1096,2023,6,1.733576642
29/06/2023,Child,Paediatric Infectious Diseases,51,4,0,0,55,2023,6,0
29/06/2023,Child,Paediatric ENT,3841,1433,678,1502,7454,2023,6,29.24604239
29/06/2023,Child,Paediatric Dermatology,2905,1377,881,1547,6710,2023,6,36.18479881
29/06/2023,Child,Paed Orthopaedic,1789,1045,521,594,3949,2023,6,28.2349962
29/06/2023,Child,Paed Nephrology,312,119,17,7,455,2023,6,5.274725275
29/06/2023,Child,Paed Metabolic Medicine,38,4,2,2,45,2023,6,8.888888889
29/06/2023,Child,Paediatric Respiratory Medicine,787,360,275,486,1908,2023,6,39.88469602
29/06/2023,Adult,Vascular Surgery,7453,2975,1740,1720,13888,2023,6,24.91359447
29/06/2023,Child,General Medicine,24,5,2,0,31,2023,6,6.451612903
29/06/2023,Adult,Urology,12583,5210,2088,3814,23695,2023,6,24.90820848
29/06/2023,Adult,Hepato-Biliary Surgery,74,20,0,0,94,2023,6,0
29/06/2023,Adult,Haematology,5415,1891,988,898,9192,2023,6,20.5178416
29/06/2023,Adult,Gynaecology,21285,4728,1383,1263,28659,2023,6,9.232701769
29/06/2023,Adult,Geriatric Medicine,3234,392,90,115,3831,2023,6,5.351083268
29/06/2023,Adult,General Surgery,25873,5769,2469,1530,35641,2023,6,11.2202239
29/06/2023,Adult,General Medicine,10267,4261,2370,2205,19103,2023,6,23.94911794
29/06/2023,Adult,Gastro-Intestinal Surgery,160,58,26,9,253,2023,6,13.83399209
29/06/2023,Adult,Endocrinology,7943,4214,2773,4418,19348,2023,6,37.16663221
29/06/2023,Adult,Infectious Diseases,1031,440,2,2,1475,2023,6,0.271186441
29/06/2023,Adult,Diabetes Mellitus,1245,445,205,156,2051,2023,6,17.60117016
29/06/2023,Adult,Clinical Neurophysiology,711,428,432,309,1880,2023,6,39.41489362
29/06/2023,Adult,Clinical Immunology,1235,654,357,11,2257,2023,6,16.30482942
29/06/2023,Adult,Clinical (Medical) Genetics,1013,805,733,724,3275,2023,6,44.48854962
29/06/2023,Adult,Chemical Pathology,52,29,2,0,83,2023,6,2.409638554
29/06/2023,Adult,Cardiology,21657,9106,4077,2106,36946,2023,6,16.73523521
29/06/2023,Adult,Cardio-Thoracic Surgery,280,44,25,21,370,2023,6,12.43243243
29/06/2023,Adult,Breast Surgery,1896,14,0,0,1910,2023,6,0
29/06/2023,Adult,Small Volume Specialities,69,28,13,8,118,2023,6,17.79661017
29/06/2023,Adult,Dermatology,24754,8864,3964,6748,44330,2023,6,24.16422287
29/06/2023,Adult,Maxillo-Facial,1680,747,508,2268,5203,2023,6,53.35383433
29/06/2023,Adult,Gastro-Enterology,10669,3385,1176,746,15976,2023,6,12.03054582
29/06/2023,Adult,Microbiology,25,2,2,0,29,2023,6,6.896551724
29/06/2023,Adult,Metabolic Medicine,86,24,4,2,116,2023,6,5.172413793
29/06/2023,Adult,Respiratory Medicine,12396,4678,1925,2631,21630,2023,6,21.06333796
29/06/2023,Adult,Radiotherapy,48,0,0,0,48,2023,6,0
29/06/2023,Adult,Psychiatry,453,31,10,0,494,2023,6,2.024291498
29/06/2023,Adult,Plastic Surgery,8368,2986,1561,3829,16744,2023,6,32.19063545
29/06/2023,Adult,Pathology,62,31,37,68,198,2023,6,53.03030303
29/06/2023,Adult,Palliative Medicine,22,2,2,0,26,2023,6,7.692307692
29/06/2023,Adult,Pain Relief,5781,3280,1935,3653,14649,2023,6,38.14594853
29/06/2023,Adult,Paediatrics,112,75,19,6,212,2023,6,11.79245283
29/06/2023,Adult,Rheumatology,8020,2873,1364,2247,14504,2023,6,24.89658025
29/06/2023,Adult,Paediatric Dermatology,11,31,4,2,48,2023,6,12.5
29/06/2023,Adult,Paediatric Neurology,12,9,0,0,21,2023,6,0
29/06/2023,Adult,Neurology,10052,4739,2627,5456,22874,2023,6,35.33706392
29/06/2023,Adult,Neurosurgery,3844,2017,1287,2437,9585,2023,6,38.8523735
29/06/2023,Adult,Oncology,575,8,0,0,583,2023,6,0
29/06/2023,Adult,Nephrology,2528,493,250,298,3569,2023,6,15.35444102
29/06/2023,Adult,Orthopaedics,33058,17458,7180,7171,64867,2023,6,22.12373009
29/06/2023,Adult,Otolaryngology (ENT),19900,8768,4187,6259,39114,2023,6,26.70655008
29/06/2023,Adult,Ophthalmology,16701,6562,3573,6837,33673,2023,6,30.91497639
27/07/2023,Child,General Surgery,882,340,155,156,1533,2023,7,20.28701892
27/07/2023,Child,Neurology,23,10,4,2,38,2023,7,15.78947368
27/07/2023,Child,Maxillo-Facial,206,99,46,85,436,2023,7,30.04587156
27/07/2023,Child,Immunology,252,71,4,2,328,2023,7,1.829268293
27/07/2023,Child,Haematology,71,9,4,2,85,2023,7,7.058823529
27/07/2023,Child,Ophthalmology,2070,755,454,644,3923,2023,7,27.98878409
27/07/2023,Child,Gynaecology,518,142,63,9,732,2023,7,9.836065574
27/07/2023,Child,General Medicine,23,7,2,0,31,2023,7,6.451612903
27/07/2023,Child,Clinical Immunology,438,175,73,183,869,2023,7,29.45914845
27/07/2023,Child,Developmental Paediatrics,355,248,208,290,1101,2023,7,45.23160763
27/07/2023,Child,Dermatology,1617,491,366,694,3168,2023,7,33.45959596
27/07/2023,Child,Dental Surgery,184,88,40,7,319,2023,7,14.73354232
27/07/2023,Child,Clinical (Medical) Genetics,548,335,296,42,1221,2023,7,27.68222768
27/07/2023,Child,Cardiology,47,10,7,16,80,2023,7,28.75
27/07/2023,Child,Cardio-Thoracic Surgery,56,2,2,0,60,2023,7,3.333333333
27/07/2023,Adult,Vascular Surgery,8048,2818,1805,1590,14261,2023,7,23.8061847
27/07/2023,Child,Orthopaedics,1612,619,321,442,2994,2023,7,25.48430194
27/07/2023,Child,Gastro-Enterology,26,4,2,0,31,2023,7,6.451612903
27/07/2023,Child,Otolaryngology (ENT),5812,2367,1034,511,9724,2023,7,15.88852324
27/07/2023,Child,Urology,985,492,145,311,1933,2023,7,23.59027419
27/07/2023,Child,Paed Endocrinology,490,168,27,38,723,2023,7,8.990318119
27/07/2023,Child,Small Volume Specialities,73,23,13,2,110,2023,7,13.63636364
27/07/2023,Child,Rheumatology,318,151,169,610,1248,2023,7,62.41987179
27/07/2023,Child,Plastic Surgery,795,270,156,248,1469,2023,7,27.50170184
27/07/2023,Child,Pain Relief,17,7,2,2,27,2023,7,14.81481481
27/07/2023,Child,Paediatrics,13648,5018,1865,426,20957,2023,7,10.93190819
27/07/2023,Child,Paediatric Urology,576,288,177,46,1087,2023,7,20.51517939
27/07/2023,Child,Paediatric Surgery,2377,1351,563,25,4316,2023,7,13.62372567
27/07/2023,Child,Paediatric Respiratory Medicine,734,350,279,418,1781,2023,7,39.13531724
27/07/2023,Child,Paed Cardiology,2242,1216,669,245,4372,2023,7,20.90576395
27/07/2023,Child,Paediatric Neurosurgery,34,4,0,2,39,2023,7,5.128205128
27/07/2023,Child,Paediatric Infectious Diseases,44,4,2,2,51,2023,7,7.843137255
27/07/2023,Child,Paediatric ENT,3680,1673,723,1415,7491,2023,7,28.54091577
27/07/2023,Child,Paediatric Dermatology,2939,1393,950,1341,6623,2023,7,34.59157482
27/07/2023,Child,Paed Orthopaedic,1782,1076,573,556,3987,2023,7,28.31703035
27/07/2023,Child,Paed Nephrology,307,124,21,5,457,2023,7,5.689277899
27/07/2023,Child,Paed Metabolic Medicine,42,4,2,2,49,2023,7,8.163265306
27/07/2023,Child,Paed Haematology,260,17,2,0,279,2023,7,0.716845878
27/07/2023,Child,Paed Gastro-Enterol,589,156,59,74,878,2023,7,15.14806378
27/07/2023,Child,Paediatric Neurology,739,308,20,2,1069,2023,7,2.057998129
27/07/2023,Adult,Urology,12967,4757,1970,3618,23312,2023,7,23.9704873
27/07/2023,Adult,Small Volume Specialities,81,24,15,8,128,2023,7,17.96875
27/07/2023,Adult,Respiratory Medicine,12300,4742,2037,2550,21629,2023,7,21.20763789
27/07/2023,Adult,Haematology,5472,1880,1052,793,9197,2023,7,20.06088942
27/07/2023,Adult,Gynaecology,22138,4597,1362,1082,29179,2023,7,8.375886768
27/07/2023,Adult,Geriatric Medicine,3271,391,93,99,3854,2023,7,4.981837052
27/07/2023,Adult,General Surgery,26459,5714,2502,1429,36104,2023,7,10.88799025
27/07/2023,Adult,General Medicine,10417,3866,2507,2150,18940,2023,7,24.58817318
27/07/2023,Adult,Gastro-Intestinal Surgery,163,70,27,9,269,2023,7,13.38289963
27/07/2023,Adult,Gastro-Enterology,11111,3478,1166,641,16396,2023,7,11.02098073
27/07/2023,Adult,Endocrinology,8159,4058,2982,4429,19628,2023,7,37.75728551
27/07/2023,Adult,Diabetes Mellitus,1340,419,192,106,2057,2023,7,14.48711716
27/07/2023,Adult,Dermatology,26077,8673,4255,6582,45587,2023,7,23.77212802
27/07/2023,Adult,Clinical Neurophysiology,626,393,434,283,1736,2023,7,41.30184332
27/07/2023,Adult,Clinical Immunology,1312,603,413,6,2334,2023,7,17.95201371
27/07/2023,Adult,Clinical (Medical) Genetics,1048,752,793,766,3359,2023,7,46.4126228
27/07/2023,Adult,Chemical Pathology,49,14,0,0,63,2023,7,0
27/07/2023,Adult,Cardiology,22210,8377,4160,1837,36584,2023,7,16.39241198
27/07/2023,Adult,Cardio-Thoracic Surgery,313,41,27,23,404,2023,7,12.37623762
27/07/2023,Adult,Breast Surgery,2109,16,0,0,2125,2023,7,0
27/07/2023,Adult,Hepato-Biliary Surgery,81,14,2,0,97,2023,7,2.06185567
27/07/2023,Adult,Infectious Diseases,860,443,2,2,1307,2023,7,0.306044376
27/07/2023,Adult,Rheumatology,8381,2665,1424,2041,14511,2023,7,23.87843705
27/07/2023,Adult,Metabolic Medicine,94,23,2,2,121,2023,7,3.305785124
27/07/2023,Adult,Radiotherapy,40,0,0,0,40,2023,7,0
27/07/2023,Adult,Radiology,32,4,2,2,40,2023,7,10
27/07/2023,Adult,Psychiatry,445,33,7,0,485,2023,7,1.443298969
27/07/2023,Adult,Plastic Surgery,8733,2903,1468,3658,16762,2023,7,30.58107624
27/07/2023,Adult,Pathology,36,40,37,63,176,2023,7,56.81818182
27/07/2023,Adult,Maxillo-Facial,1713,668,480,1637,4498,2023,7,47.06536238
27/07/2023,Adult,Pain Relief,5912,3408,1925,3617,14862,2023,7,37.2897322
27/07/2023,Adult,Paediatrics,117,77,31,7,232,2023,7,16.37931034
27/07/2023,Adult,Paediatric Neurology,10,12,2,0,24,2023,7,8.333333333
27/07/2023,Adult,Palliative Medicine,31,6,2,0,39,2023,7,5.128205128
27/07/2023,Adult,Otolaryngology (ENT),20426,8588,4338,5908,39260,2023,7,26.09780948
27/07/2023,Adult,Orthopaedics,33953,16661,7785,6576,64975,2023,7,22.10234706
27/07/2023,Adult,Ophthalmology,17075,6565,3689,6302,33631,2023,7,29.70771015
27/07/2023,Adult,Oncology,564,6,0,0,570,2023,7,0
27/07/2023,Adult,Neurosurgery,3980,2096,1251,2602,9929,2023,7,38.80551919
27/07/2023,Adult,Neurology,10432,4687,2619,5230,22968,2023,7,34.17363288
27/07/2023,Adult,Nephrology,2744,495,250,284,3773,2023,7,14.15319375
27/07/2023,Adult,Microbiology,26,0,0,2,28,2023,7,7.142857143
27/07/2023,Adult,Paediatric Dermatology,9,32,4,0,45,2023,7,8.888888889
31/08/2023,Child,General Surgery,837,359,158,151,1505,2023,8,20.53156146
31/08/2023,Child,Gynaecology,495,149,57,7,708,2023,8,9.039548023
31/08/2023,Child,Haematology,80,14,4,0,98,2023,8,4.081632653
31/08/2023,Child,Ophthalmology,1992,803,421,646,3862,2023,8,27.62817193
31/08/2023,Child,Maxillo-Facial,195,98,47,79,419,2023,8,30.07159905
31/08/2023,Child,Neurology,22,8,4,2,35,2023,8,17.14285714
31/08/2023,Child,Immunology,243,60,13,2,318,2023,8,4.716981132
31/08/2023,Child,General Medicine,23,4,0,2,28,2023,8,7.142857143
31/08/2023,Adult,Urology,12875,5045,2014,3569,23503,2023,8,23.75441433
31/08/2023,Child,Developmental Paediatrics,372,223,220,281,1096,2023,8,45.71167883
31/08/2023,Child,Dermatology,1557,521,366,694,3138,2023,8,33.77947737
31/08/2023,Child,Dental Surgery,212,79,50,14,355,2023,8,18.02816901
31/08/2023,Child,Clinical Immunology,362,207,80,177,826,2023,8,31.11380145
31/08/2023,Child,Clinical (Medical) Genetics,509,337,248,23,1117,2023,8,24.2614145
31/08/2023,Child,Cardiology,41,18,4,14,76,2023,8,23.68421053
31/08/2023,Child,Cardio-Thoracic Surgery,42,2,2,0,46,2023,8,4.347826087
31/08/2023,Adult,Vascular Surgery,8482,2612,1874,1402,14370,2023,8,22.79749478
31/08/2023,Child,Orthopaedics,1521,660,325,441,2947,2023,8,25.99253478
31/08/2023,Child,Gastro-Enterology,26,4,0,0,29,2023,8,0
31/08/2023,Child,Otolaryngology (ENT),5286,2668,809,507,9270,2023,8,14.19633225
31/08/2023,Child,Paediatric Infectious Diseases,52,4,2,0,57,2023,8,3.50877193
31/08/2023,Child,Paed Endocrinology,500,159,21,27,707,2023,8,6.789250354
31/08/2023,Child,Urology,1004,492,156,322,1974,2023,8,24.2147923
31/08/2023,Adult,Small Volume Specialities,89,25,9,4,127,2023,8,10.23622047
31/08/2023,Child,Rheumatology,309,163,162,576,1210,2023,8,60.99173554
31/08/2023,Child,Plastic Surgery,833,268,147,254,1502,2023,8,26.69773635
31/08/2023,Child,Pain Relief,16,4,2,2,23,2023,8,17.39130435
31/08/2023,Child,Paediatrics,13015,5549,1803,549,20916,2023,8,11.24497992
31/08/2023,Child,Paediatric Urology,575,295,137,42,1049,2023,8,17.06387035
31/08/2023,Child,Paediatric Surgery,2230,1298,582,22,4132,2023,8,14.61761859
31/08/2023,Child,Paed Cardiology,2200,1380,663,336,4579,2023,8,21.81699061
31/08/2023,Child,Paediatric Respiratory Medicine,711,357,262,347,1677,2023,8,36.31484794
31/08/2023,Child,Paediatric Neurology,698,341,17,2,1058,2023,8,1.79584121
31/08/2023,Child,Paediatric ENT,3188,1996,730,1209,7123,2023,8,27.22167626
31/08/2023,Child,Paediatric Dermatology,2997,1434,938,1233,6602,2023,8,32.88397455
31/08/2023,Child,Paed Orthopaedic,1817,1015,616,573,4021,2023,8,29.56975877
31/08/2023,Child,Paed Nephrology,300,148,31,2,481,2023,8,6.860706861
31/08/2023,Child,Paed Metabolic Medicine,54,2,4,0,59,2023,8,6.779661017
31/08/2023,Child,Paed Haematology,255,33,2,0,290,2023,8,0.689655172
31/08/2023,Child,Paed Gastro-Enterol,612,187,65,79,943,2023,8,15.27041357
31/08/2023,Child,Paediatric Neurosurgery,31,2,0,0,32,2023,8,0
31/08/2023,Child,Small Volume Specialities,79,18,13,2,111,2023,8,13.51351351
31/08/2023,Adult,Rheumatology,8467,2699,1383,2081,14630,2023,8,23.67737526
31/08/2023,Adult,Radiotherapy,50,0,0,0,50,2023,8,0
31/08/2023,Adult,Haematology,5448,1877,996,781,9102,2023,8,19.52318172
31/08/2023,Adult,Gynaecology,22204,4892,1384,968,29448,2023,8,7.986960065
31/08/2023,Adult,Geriatric Medicine,3343,457,104,94,3998,2023,8,4.952476238
31/08/2023,Adult,General Surgery,26525,5805,2130,1364,35824,2023,8,9.753238053
31/08/2023,Adult,General Medicine,10193,4270,2395,2250,19108,2023,8,24.30918987
31/08/2023,Adult,Gastro-Intestinal Surgery,137,82,24,12,255,2023,8,14.11764706
31/08/2023,Adult,Endocrinology,8233,4110,3068,4601,20012,2023,8,38.3220068
31/08/2023,Adult,Diabetes Mellitus,1248,410,143,87,1888,2023,8,12.18220339
31/08/2023,Adult,Dermatology,27056,9247,4336,5814,46453,2023,8,21.85004198
31/08/2023,Adult,Clinical Neurophysiology,625,401,414,289,1729,2023,8,40.65934066
31/08/2023,Adult,Clinical Immunology,1281,661,454,17,2413,2023,8,19.51927062
31/08/2023,Adult,Clinical (Medical) Genetics,878,741,704,733,3056,2023,8,47.02225131
31/08/2023,Adult,Chemical Pathology,39,7,0,0,46,2023,8,0
31/08/2023,Adult,Cardiology,22051,8967,3868,1712,36598,2023,8,15.24673479
31/08/2023,Adult,Cardio-Thoracic Surgery,345,41,26,24,436,2023,8,11.46788991
31/08/2023,Adult,Breast Surgery,2110,10,0,0,2120,2023,8,0
31/08/2023,Adult,Respiratory Medicine,11828,5221,2036,2615,21700,2023,8,21.43317972
31/08/2023,Adult,Hepato-Biliary Surgery,92,18,2,0,112,2023,8,1.785714286
31/08/2023,Adult,Infectious Diseases,877,489,2,2,1370,2023,8,0.291970803
31/08/2023,Adult,Gastro-Enterology,11192,3779,1168,602,16741,2023,8,10.57284511
31/08/2023,Adult,Metabolic Medicine,114,20,4,2,141,2023,8,4.255319149
31/08/2023,Adult,Maxillo-Facial,1710,651,466,1093,3920,2023,8,39.77040816
31/08/2023,Adult,Psychiatry,428,22,8,0,458,2023,8,1.746724891
31/08/2023,Adult,Plastic Surgery,8562,2989,1472,3590,16613,2023,8,30.47011377
31/08/2023,Adult,Pathology,53,38,40,62,193,2023,8,52.84974093
31/08/2023,Adult,Palliative Medicine,26,7,0,0,33,2023,8,0
31/08/2023,Adult,Pain Relief,5930,3550,1932,3633,15045,2023,8,36.9890329
31/08/2023,Adult,Paediatrics,103,73,41,9,226,2023,8,22.12389381
31/08/2023,Adult,Paediatric Neurology,11,9,2,0,23,2023,8,8.695652174
31/08/2023,Adult,Paediatric ENT,11,13,2,0,27,2023,8,7.407407407
31/08/2023,Adult,Radiology,61,2,0,2,66,2023,8,3.03030303
31/08/2023,Adult,Otolaryngology (ENT),19614,9091,3869,5705,38279,2023,8,25.01110269
31/08/2023,Adult,Paediatric Dermatology,17,29,2,0,48,2023,8,4.166666667
31/08/2023,Adult,Nephrology,2774,591,248,293,3906,2023,8,13.85048643
31/08/2023,Adult,Neurology,10546,4842,2489,5125,23002,2023,8,33.10146944
31/08/2023,Adult,Neurosurgery,3939,2177,1256,2701,10073,2023,8,39.2832324
31/08/2023,Adult,Microbiology,28,0,0,2,30,2023,8,6.666666667
31/08/2023,Adult,Ophthalmology,16502,6972,3562,6013,33049,2023,8,28.97213229
31/08/2023,Adult,Orthopaedics,34290,17109,7960,6231,65590,2023,8,21.63592011
31/08/2023,Adult,Oncology,577,11,0,0,588,2023,8,0
28/09/2023,Child,Gynaecology,485,161,53,12,711,2023,9,9.142053446
28/09/2023,Child,Ophthalmology,1965,790,410,628,3793,2023,9,27.3662009
28/09/2023,Child,Neurology,22,7,4,2,34,2023,9,17.64705882
28/09/2023,Child,Maxillo-Facial,184,99,50,80,413,2023,9,31.47699758
28/09/2023,Child,Immunology,232,65,19,2,318,2023,9,6.603773585
28/09/2023,Child,Orthopaedics,1492,666,345,454,2957,2023,9,27.02062902
28/09/2023,Child,Haematology,91,17,4,0,112,2023,9,3.571428571
28/09/2023,Child,General Surgery,857,375,149,158,1539,2023,9,19.94801819
28/09/2023,Child,Dental Surgery,213,87,52,16,368,2023,9,18.47826087
28/09/2023,Child,Gastro-Enterology,18,9,0,0,27,2023,9,0
28/09/2023,Child,Developmental Paediatrics,379,235,211,255,1080,2023,9,43.14814815
28/09/2023,Child,Dermatology,1580,562,351,718,3211,2023,9,33.29180941
28/09/2023,Child,Clinical Immunology,364,217,95,175,851,2023,9,31.72737955
28/09/2023,Child,Clinical (Medical) Genetics,397,340,242,14,993,2023,9,25.78046324
28/09/2023,Child,Cardiology,42,17,7,14,80,2023,9,26.25
28/09/2023,Child,Cardio-Thoracic Surgery,40,2,2,0,43,2023,9,4.651162791
28/09/2023,Child,Otolaryngology (ENT),4932,2728,672,438,8770,2023,9,12.65678449
28/09/2023,Child,General Medicine,18,4,0,2,23,2023,9,8.695652174
28/09/2023,Child,Paed Cardiology,2217,1397,616,259,4489,2023,9,19.49209178
28/09/2023,Adult,Vascular Surgery,8776,2528,1968,970,14242,2023,9,20.62912512
28/09/2023,Child,Paed Gastro-Enterol,552,196,77,81,906,2023,9,17.4392936
28/09/2023,Child,Urology,1026,492,172,326,2016,2023,9,24.70238095
28/09/2023,Child,Small Volume Specialities,63,15,20,4,101,2023,9,23.76237624
28/09/2023,Child,Rheumatology,305,163,142,568,1178,2023,9,60.27164686
28/09/2023,Child,Plastic Surgery,796,257,148,257,1458,2023,9,27.77777778
28/09/2023,Child,Pain Relief,28,4,2,2,35,2023,9,11.42857143
28/09/2023,Child,Paediatrics,12833,5721,1802,588,20944,2023,9,11.41138273
28/09/2023,Child,Paediatric Urology,559,297,150,50,1056,2023,9,18.93939394
28/09/2023,Child,Paediatric Surgery,2157,1281,599,26,4063,2023,9,15.38272213
28/09/2023,Child,Paed Endocrinology,514,138,29,21,702,2023,9,7.122507123
28/09/2023,Child,Paediatric Respiratory Medicine,654,402,239,322,1617,2023,9,34.69387755
28/09/2023,Child,Paediatric Neurology,695,355,23,2,1075,2023,9,2.325581395
28/09/2023,Child,Paediatric Infectious Diseases,41,4,2,0,46,2023,9,4.347826087
28/09/2023,Child,Paediatric ENT,2969,1956,784,1233,6942,2023,9,29.05502737
28/09/2023,Child,Paediatric Dermatology,2879,1468,889,1208,6444,2023,9,32.54189944
28/09/2023,Child,Paed Orthopaedic,1846,1023,683,603,4155,2023,9,30.95066185
28/09/2023,Child,Paed Nephrology,315,150,39,5,509,2023,9,8.644400786
28/09/2023,Child,Paed Metabolic Medicine,43,4,4,0,50,2023,9,8
28/09/2023,Child,Paed Haematology,241,40,2,0,283,2023,9,0.706713781
28/09/2023,Child,Paediatric Neurosurgery,33,2,0,0,34,2023,9,0
28/09/2023,Adult,Urology,12672,5101,1763,3274,22810,2023,9,22.08241999
28/09/2023,Adult,Psychiatry,394,26,8,2,430,2023,9,2.325581395
28/09/2023,Adult,Rheumatology,8391,2781,1430,1825,14427,2023,9,22.56186317
28/09/2023,Adult,Hepato-Biliary Surgery,84,12,0,0,96,2023,9,0
28/09/2023,Adult,Haematology,5410,1860,954,710,8934,2023,9,18.62547571
28/09/2023,Adult,Gynaecology,22111,4920,1291,869,29191,2023,9,7.399540954
28/09/2023,Adult,Geriatric Medicine,3302,434,125,90,3951,2023,9,5.441660339
28/09/2023,Adult,General Surgery,26085,5634,1842,1169,34730,2023,9,8.669737979
28/09/2023,Adult,General Medicine,9746,4170,2206,2197,18319,2023,9,24.03515476
28/09/2023,Adult,Gastro-Intestinal Surgery,112,110,21,17,260,2023,9,14.61538462
28/09/2023,Adult,Gastro-Enterology,11126,3921,1199,498,16744,2023,9,10.13497372
28/09/2023,Adult,Endocrinology,8120,4181,3005,4517,19823,2023,9,37.94582051
28/09/2023,Adult,Diabetes Mellitus,1265,424,102,65,1856,2023,9,8.997844828
28/09/2023,Adult,Dermatology,27815,9563,4386,5728,47492,2023,9,21.29621831
28/09/2023,Adult,Clinical Neurophysiology,650,411,386,287,1734,2023,9,38.81199539
28/09/2023,Adult,Clinical Immunology,1298,657,464,26,2445,2023,9,20.0408998
28/09/2023,Adult,Clinical (Medical) Genetics,849,749,688,774,3060,2023,9,47.77777778
28/09/2023,Adult,Chemical Pathology,33,12,0,0,45,2023,9,0
28/09/2023,Adult,Cardiology,22377,9302,3705,1836,37220,2023,9,14.88715744
28/09/2023,Adult,Cardio-Thoracic Surgery,310,39,26,25,400,2023,9,12.75
28/09/2023,Adult,Infectious Diseases,866,484,27,2,1379,2023,9,2.102973169
28/09/2023,Adult,Maxillo-Facial,1850,649,464,1156,4119,2023,9,39.32993445
28/09/2023,Adult,Breast Surgery,2114,11,0,0,2125,2023,9,0
28/09/2023,Adult,Microbiology,24,2,0,2,28,2023,9,7.142857143
28/09/2023,Adult,Metabolic Medicine,108,14,8,2,132,2023,9,7.575757576
28/09/2023,Adult,Respiratory Medicine,11897,5288,1947,2666,21798,2023,9,21.16249197
28/09/2023,Adult,Rehabilitation Medicine,24,0,0,0,24,2023,9,0
28/09/2023,Adult,Radiotherapy,49,0,0,0,49,2023,9,0
28/09/2023,Adult,Small Volume Specialities,94,30,8,8,140,2023,9,11.42857143
28/09/2023,Adult,Plastic Surgery,8312,2815,1381,3577,16085,2023,9,30.82374883
28/09/2023,Adult,Palliative Medicine,27,9,0,0,36,2023,9,0
28/09/2023,Adult,Pain Relief,5990,3580,2066,3437,15073,2023,9,36.50898958
28/09/2023,Adult,Paediatrics,114,68,38,8,228,2023,9,20.1754386
28/09/2023,Adult,Pathology,56,32,43,59,190,2023,9,53.68421053
28/09/2023,Adult,Paediatric Dermatology,16,20,4,0,40,2023,9,10
28/09/2023,Adult,Otolaryngology (ENT),19698,8952,3511,5436,37597,2023,9,23.79711147
28/09/2023,Adult,Nephrology,2626,665,238,287,3816,2023,9,13.75786164
28/09/2023,Adult,Orthopaedics,34713,17215,7772,6016,65716,2023,9,20.98119179
28/09/2023,Adult,Ophthalmology,16557,7318,3743,5907,33525,2023,9,28.78448919
28/09/2023,Adult,Oncology,522,9,0,0,531,2023,9,0
28/09/2023,Adult,Neurosurgery,3899,2115,1258,2770,10042,2023,9,40.11153157
28/09/2023,Adult,Neurology,10450,4870,2430,5000,22750,2023,9,32.65934066
28/09/2023,Adult,Paediatric Neurology,7,14,2,0,23,2023,9,8.695652174
26/10/2023,Child,Haematology,80,22,2,2,105,2023,10,3.80952381
26/10/2023,Child,Immunology,217,65,24,2,307,2023,10,8.469055375
26/10/2023,Child,Orthopaedics,1515,688,329,452,2984,2023,10,26.17292225
26/10/2023,Child,Neurology,35,3,2,2,41,2023,10,9.756097561
26/10/2023,Child,Ophthalmology,2067,778,361,586,3792,2023,10,24.97362869
26/10/2023,Child,Gynaecology,500,154,49,16,719,2023,10,9.040333797
26/10/2023,Child,Maxillo-Facial,190,95,51,83,419,2023,10,31.98090692
26/10/2023,Child,General Surgery,895,336,145,144,1520,2023,10,19.01315789
26/10/2023,Child,Cardio-Thoracic Surgery,50,2,0,2,53,2023,10,3.773584906
26/10/2023,Child,Gastro-Enterology,18,8,2,0,27,2023,10,7.407407407
26/10/2023,Child,Developmental Paediatrics,398,203,218,272,1091,2023,10,44.91292392
26/10/2023,Child,Dermatology,1583,598,337,715,3233,2023,10,32.53943706
26/10/2023,Child,Dental Surgery,206,80,57,19,362,2023,10,20.99447514
26/10/2023,Child,Clinical Immunology,349,214,104,167,834,2023,10,32.4940048
26/10/2023,Child,Clinical (Medical) Genetics,318,351,190,6,865,2023,10,22.65895954
26/10/2023,Child,Cardiology,43,27,3,15,88,2023,10,20.45454545
26/10/2023,Child,Otolaryngology (ENT),4631,2686,591,433,8341,2023,10,12.27670543
26/10/2023,Child,General Medicine,14,7,2,2,24,2023,10,16.66666667
26/10/2023,Child,Paed Cardiology,2323,1357,621,131,4432,2023,10,16.96750903
26/10/2023,Child,Paediatric Neurology,700,349,28,2,1078,2023,10,2.782931354
26/10/2023,Child,Paed Gastro-Enterol,563,200,69,81,913,2023,10,16.42935378
26/10/2023,Adult,Vascular Surgery,8661,2511,1876,849,13897,2023,10,19.60854861
26/10/2023,Child,Urology,989,462,157,321,1929,2023,10,24.77967859
26/10/2023,Child,Small Volume Specialities,75,15,12,3,105,2023,10,14.28571429
26/10/2023,Child,Rheumatology,277,165,130,569,1141,2023,10,61.26205083
26/10/2023,Child,Plastic Surgery,832,250,140,245,1467,2023,10,26.24403545
26/10/2023,Child,Pain Relief,25,2,2,2,30,2023,10,13.33333333
26/10/2023,Child,Paediatrics,12279,5389,1799,557,20024,2023,10,11.76588094
26/10/2023,Child,Paediatric Urology,528,322,149,62,1061,2023,10,19.88689915
26/10/2023,Child,Paed Endocrinology,503,138,34,18,693,2023,10,7.503607504
26/10/2023,Child,Paediatric Surgery,2080,1112,620,45,3857,2023,10,17.24137931
26/10/2023,Child,Paediatric Neurosurgery,59,2,0,0,60,2023,10,0
26/10/2023,Child,Paediatric Infectious Diseases,36,2,3,0,41,2023,10,7.317073171
26/10/2023,Child,Paediatric ENT,2840,1888,780,1180,6688,2023,10,29.3062201
26/10/2023,Child,Paediatric Dermatology,2898,1532,842,1159,6431,2023,10,31.11491214
26/10/2023,Child,Paed Orthopaedic,1912,982,724,609,4227,2023,10,31.53536787
26/10/2023,Child,Paed Nephrology,317,154,34,2,507,2023,10,7.100591716
26/10/2023,Child,Paed Metabolic Medicine,30,3,2,2,36,2023,10,11.11111111
26/10/2023,Child,Paed Haematology,221,42,2,0,265,2023,10,0.754716981
26/10/2023,Child,Paediatric Respiratory Medicine,671,384,212,298,1565,2023,10,32.58785942
26/10/2023,Adult,Urology,12940,4992,1591,3040,22563,2023,10,20.52475291
26/10/2023,Adult,Rheumatology,7758,2868,1374,1508,13508,2023,10,21.33550489
26/10/2023,Adult,Breast Surgery,2370,7,0,0,2377,2023,10,0
26/10/2023,Adult,Hepato-Biliary Surgery,74,4,0,0,78,2023,10,0
26/10/2023,Adult,Haematology,5608,1881,932,633,9054,2023,10,17.28517782
26/10/2023,Adult,Gynaecology,22159,4794,1202,852,29007,2023,10,7.081049402
26/10/2023,Adult,Geriatric Medicine,3400,468,116,81,4065,2023,10,4.846248462
26/10/2023,Adult,General Surgery,25642,5310,1658,1091,33701,2023,10,8.157027981
26/10/2023,Adult,General Medicine,9440,3937,1998,2056,17431,2023,10,23.25741495
26/10/2023,Adult,Gastro-Enterology,11021,3861,1143,422,16447,2023,10,9.515413145
26/10/2023,Adult,Endocrinology,8208,4224,2920,4369,19721,2023,10,36.96060038
26/10/2023,Adult,Diabetes Mellitus,1287,433,91,41,1852,2023,10,7.127429806
26/10/2023,Adult,Dermatology,28471,10006,4460,5891,48828,2023,10,21.19890227
26/10/2023,Adult,Clinical Neurophysiology,659,420,380,271,1730,2023,10,37.6300578
26/10/2023,Adult,Clinical Immunology,1408,660,424,45,2537,2023,10,18.48640126
26/10/2023,Adult,Clinical (Medical) Genetics,809,724,693,819,3045,2023,10,49.65517241
26/10/2023,Adult,Chemical Pathology,48,11,2,0,61,2023,10,3.278688525
26/10/2023,Adult,Cardiology,22329,9170,3552,1548,36599,2023,10,13.93480696
26/10/2023,Adult,Cardio-Thoracic Surgery,303,42,23,25,393,2023,10,12.21374046
26/10/2023,Adult,Small Volume Specialities,74,41,12,6,133,2023,10,13.53383459
26/10/2023,Adult,Infectious Diseases,827,479,60,2,1368,2023,10,4.532163743
26/10/2023,Adult,Maxillo-Facial,1855,611,435,1119,4020,2023,10,38.65671642
26/10/2023,Adult,Gastro-Intestinal Surgery,128,93,25,22,268,2023,10,17.53731343
26/10/2023,Adult,Microbiology,36,2,0,0,38,2023,10,0
26/10/2023,Adult,Metabolic Medicine,114,9,9,2,134,2023,10,8.208955224
26/10/2023,Adult,Rehabilitation Medicine,24,2,0,0,26,2023,10,0
26/10/2023,Adult,Radiotherapy,57,0,0,0,57,2023,10,0
26/10/2023,Adult,Psychiatry,361,21,11,2,395,2023,10,3.291139241
26/10/2023,Adult,Plastic Surgery,8398,2723,1205,3408,15734,2023,10,29.31867294
26/10/2023,Adult,Pathology,56,32,48,47,183,2023,10,51.91256831
26/10/2023,Adult,Palliative Medicine,24,11,0,0,35,2023,10,0
26/10/2023,Adult,Pain Relief,6100,3492,2135,3080,14807,2023,10,35.21982846
26/10/2023,Adult,Paediatrics,132,74,32,6,244,2023,10,15.57377049
26/10/2023,Adult,Respiratory Medicine,11547,5331,1871,2533,21282,2023,10,20.69354384
26/10/2023,Adult,Otolaryngology (ENT),19454,8598,3199,5187,36438,2023,10,23.01443548
26/10/2023,Adult,Paediatric Dermatology,13,18,4,0,35,2023,10,11.42857143
26/10/2023,Adult,Neurology,10215,4568,2324,4858,21965,2023,10,32.69747325
26/10/2023,Adult,Neurosurgery,3925,1858,1243,2820,9846,2023,10,41.26548852
26/10/2023,Adult,Oncology,569,14,0,0,583,2023,10,0
26/10/2023,Adult,Nephrology,2585,648,221,246,3700,2023,10,12.62162162
26/10/2023,Adult,Orthopaedics,35885,16556,7292,5886,65619,2023,10,20.08259803
26/10/2023,Adult,Other,16,7,0,2,25,2023,10,8
26/10/2023,Adult,Ophthalmology,16772,7468,3781,5606,33627,2023,10,27.91506825
30/11/2023,Child,Immunology,208,61,29,20,318,2023,11,15.40880503
30/11/2023,Child,Otolaryngology (ENT),4364,2784,524,441,8113,2023,11,11.89449032
30/11/2023,Child,Orthopaedics,1518,741,323,451,3033,2023,11,25.51928783
30/11/2023,Child,Ophthalmology,2072,803,288,515,3678,2023,11,21.83251767
30/11/2023,Child,Neurology,36,7,4,2,49,2023,11,12.24489796
30/11/2023,Child,Paed Cardiology,2343,1481,660,35,4519,2023,11,15.37950874
30/11/2023,Child,Maxillo-Facial,211,86,53,85,435,2023,11,31.72413793
30/11/2023,Child,Haematology,80,18,2,2,102,2023,11,3.921568627
30/11/2023,Child,Dermatology,1661,638,303,682,3284,2023,11,29.99390987
30/11/2023,Child,General Surgery,895,340,139,128,1502,2023,11,17.77629827
30/11/2023,Child,Gastro-Enterology,23,7,2,0,32,2023,11,6.25
30/11/2023,Child,Developmental Paediatrics,379,201,197,254,1031,2023,11,43.74393792
30/11/2023,Child,Dental Surgery,205,81,59,17,362,2023,11,20.99447514
30/11/2023,Child,Clinical Immunology,318,214,111,140,783,2023,11,32.05619413
30/11/2023,Child,Clinical (Medical) Genetics,239,350,162,8,759,2023,11,22.39789196
30/11/2023,Child,Cardiology,42,30,4,16,92,2023,11,21.73913043
30/11/2023,Child,Paed Endocrinology,511,125,40,9,685,2023,11,7.153284672
30/11/2023,Child,Gynaecology,531,158,56,13,758,2023,11,9.102902375
30/11/2023,Child,Paed Gastro-Enterol,493,232,70,86,881,2023,11,17.70715096
30/11/2023,Child,Cardio-Thoracic Surgery,56,4,0,0,60,2023,11,0
30/11/2023,Child,Paed Metabolic Medicine,30,4,4,0,38,2023,11,10.52631579
30/11/2023,Child,Vascular Surgery,19,0,4,0,23,2023,11,17.39130435
30/11/2023,Child,Urology,969,471,167,314,1921,2023,11,25.03904217
30/11/2023,Child,Small Volume Specialities,67,15,10,6,98,2023,11,16.32653061
30/11/2023,Child,Rheumatology,243,190,119,559,1111,2023,11,61.02610261
30/11/2023,Child,Plastic Surgery,796,255,124,219,1394,2023,11,24.60545194
30/11/2023,Child,Pain Relief,25,2,0,2,29,2023,11,6.896551724
30/11/2023,Child,Paediatrics,12419,5141,1580,586,19726,2023,11,10.98043192
30/11/2023,Child,Paediatric Urology,535,334,139,76,1084,2023,11,19.83394834
30/11/2023,Child,Paediatric Surgery,1981,1002,538,75,3596,2023,11,17.04671858
30/11/2023,Child,Paediatric Respiratory Medicine,658,403,187,224,1472,2023,11,27.92119565
30/11/2023,Child,Paediatric Neurosurgery,53,4,0,2,59,2023,11,3.389830508
30/11/2023,Child,Paediatric Neurology,707,326,55,2,1090,2023,11,5.229357798
30/11/2023,Child,Paediatric Infectious Diseases,53,2,4,0,59,2023,11,6.779661017
30/11/2023,Child,Paediatric ENT,2618,1927,678,1106,6329,2023,11,28.18770738
30/11/2023,Child,Paediatric Dermatology,2752,1640,644,1074,6110,2023,11,28.11783961
30/11/2023,Child,Paed Orthopaedic,1872,1003,713,604,4192,2023,11,31.41698473
30/11/2023,Child,Paed Nephrology,303,168,42,8,521,2023,11,9.596928983
30/11/2023,Child,Paed Haematology,241,31,2,0,274,2023,11,0.729927007
30/11/2023,Adult,Vascular Surgery,8685,2560,1728,782,13755,2023,11,18.24790985
30/11/2023,Adult,Small Volume Specialities,106,32,17,6,160,2023,11,14.375
30/11/2023,Adult,Gastro-Enterology,11042,3717,938,344,16041,2023,11,7.992020448
30/11/2023,Adult,Hepato-Biliary Surgery,73,14,2,0,89,2023,11,2.247191011
30/11/2023,Adult,Haematology,5584,1838,855,558,8835,2023,11,15.99320883
30/11/2023,Adult,Geriatric Medicine,3481,484,114,67,4146,2023,11,4.365653642
30/11/2023,Adult,General Surgery,25044,5245,1407,900,32596,2023,11,7.077555528
30/11/2023,Adult,General Medicine,9056,3826,1651,1346,15879,2023,11,18.87398451
30/11/2023,Adult,Gastro-Intestinal Surgery,139,83,34,17,273,2023,11,18.68131868
30/11/2023,Adult,Endocrinology,8472,4203,2379,4564,19618,2023,11,35.39096748
30/11/2023,Adult,Diabetes Mellitus,1347,435,83,33,1898,2023,11,6.111696523
30/11/2023,Adult,Dermatology,28443,10478,4054,5503,48478,2023,11,19.71409712
30/11/2023,Adult,Clinical Neurophysiology,695,410,321,261,1687,2023,11,34.49911085
30/11/2023,Adult,Clinical Immunology,1423,661,416,81,2581,2023,11,19.25610229
30/11/2023,Adult,Clinical (Medical) Genetics,784,703,660,875,3022,2023,11,50.79417604
30/11/2023,Adult,Chemical Pathology,58,4,2,0,64,2023,11,3.125
30/11/2023,Adult,Cardiology,21982,9626,3206,1651,36465,2023,11,13.31962155
30/11/2023,Adult,Cardio-Thoracic Surgery,314,38,21,31,404,2023,11,12.87128713
30/11/2023,Adult,Breast Surgery,2422,14,2,0,2438,2023,11,0.082034454
30/11/2023,Adult,Urology,13499,4793,1226,2832,22350,2023,11,18.15659955
30/11/2023,Adult,Infectious Diseases,807,475,113,2,1397,2023,11,8.231925555
30/11/2023,Adult,Maxillo-Facial,1865,582,360,1022,3829,2023,11,36.09297467
30/11/2023,Adult,Gynaecology,21979,4729,1121,743,28572,2023,11,6.523869523
30/11/2023,Adult,Microbiology,25,4,2,0,31,2023,11,6.451612903
30/11/2023,Adult,Rheumatology,7610,3048,1273,1300,13231,2023,11,19.44675384
30/11/2023,Adult,Respiratory Medicine,11869,5179,1783,2339,21170,2023,11,19.47094946
30/11/2023,Adult,Radiotherapy,56,0,0,0,56,2023,11,0
30/11/2023,Adult,Psychiatry,414,23,11,2,450,2023,11,2.888888889
30/11/2023,Adult,Plastic Surgery,7828,2803,995,3113,14739,2023,11,27.87163308
30/11/2023,Adult,Pathology,69,28,36,58,191,2023,11,49.21465969
30/11/2023,Adult,Metabolic Medicine,109,9,9,2,129,2023,11,8.527131783
30/11/2023,Adult,Paediatrics,121,70,33,8,232,2023,11,17.67241379
30/11/2023,Adult,Paediatric Dermatology,16,7,2,0,25,2023,11,8
30/11/2023,Adult,Pain Relief,6351,3627,2025,2839,14842,2023,11,32.77186363
30/11/2023,Adult,Other,10,13,0,2,25,2023,11,8
30/11/2023,Adult,Otolaryngology (ENT),20281,7973,2775,4657,35686,2023,11,20.82609427
30/11/2023,Adult,Neurology,10266,4794,2231,4666,21957,2023,11,31.411395
30/11/2023,Adult,Neurosurgery,4058,2036,1204,2878,10176,2023,11,40.11399371
30/11/2023,Adult,Nephrology,2575,666,207,179,3627,2023,11,10.64240419
30/11/2023,Adult,Ophthalmology,16685,7525,3847,5279,33336,2023,11,27.37580994
30/11/2023,Adult,Orthopaedics,36587,16598,6748,5459,65392,2023,11,18.66742109
30/11/2023,Adult,Oncology,565,19,0,0,584,2023,11,0
28/12/2023,Child,General Medicine,17,5,0,0,22,2023,12,0
28/12/2023,Child,Ophthalmology,2002,801,270,511,3584,2023,12,21.79129464
28/12/2023,Child,Neurology,48,7,4,0,59,2023,12,6.779661017
28/12/2023,Child,Maxillo-Facial,212,101,51,91,455,2023,12,31.20879121
28/12/2023,Child,Immunology,168,64,29,20,281,2023,12,17.43772242
28/12/2023,Child,Haematology,80,16,2,0,98,2023,12,2.040816327
28/12/2023,Child,Gynaecology,523,154,64,12,753,2023,12,10.09296149
28/12/2023,Child,General Surgery,845,321,147,86,1399,2023,12,16.6547534
28/12/2023,Child,Gastro-Enterology,17,4,2,0,23,2023,12,8.695652174
28/12/2023,Adult,Rheumatology,7232,3086,1126,1192,12636,2023,12,18.34441279
28/12/2023,Child,Developmental Paediatrics,368,206,173,263,1010,2023,12,43.16831683
28/12/2023,Child,Dermatology,1553,672,279,587,3091,2023,12,28.01682303
28/12/2023,Child,Dental Surgery,173,90,59,23,345,2023,12,23.76811594
28/12/2023,Child,Clinical Immunology,308,205,117,127,757,2023,12,32.2324967
28/12/2023,Child,Clinical (Medical) Genetics,158,377,157,12,704,2023,12,24.00568182
28/12/2023,Child,Cardiology,43,22,4,17,86,2023,12,24.41860465
28/12/2023,Child,Cardio-Thoracic Surgery,57,9,0,0,66,2023,12,0
28/12/2023,Child,Orthopaedics,1537,736,311,424,3008,2023,12,24.43484043
28/12/2023,Child,Endocrinology,18,2,0,2,22,2023,12,9.090909091
28/12/2023,Child,Otolaryngology (ENT),4232,2696,484,412,7824,2023,12,11.45194274
28/12/2023,Child,Urology,960,444,154,308,1866,2023,12,24.75884244
28/12/2023,Child,Paed Endocrinology,504,131,35,2,672,2023,12,5.505952381
28/12/2023,Child,Small Volume Specialities,65,8,6,2,80,2023,12,10
28/12/2023,Child,Rheumatology,259,189,110,540,1098,2023,12,59.19854281
28/12/2023,Child,Plastic Surgery,722,254,110,115,1201,2023,12,18.73438801
28/12/2023,Child,Pain Relief,30,2,0,2,34,2023,12,5.882352941
28/12/2023,Child,Paediatrics,12462,5021,1182,520,19185,2023,12,8.871514204
28/12/2023,Child,Paediatric Urology,546,362,148,50,1106,2023,12,17.90235081
28/12/2023,Child,Paediatric Surgery,1944,977,482,97,3500,2023,12,16.54285714
28/12/2023,Child,Paediatric Respiratory Medicine,654,409,185,219,1467,2023,12,27.53919564
28/12/2023,Child,Paed Cardiology,2321,1552,786,21,4680,2023,12,17.24358974
28/12/2023,Child,Paediatric Neurosurgery,57,4,0,0,61,2023,12,0
28/12/2023,Child,Paediatric Infectious Diseases,43,4,2,0,49,2023,12,4.081632653
28/12/2023,Child,Paediatric ENT,2509,1949,735,1070,6263,2023,12,28.82005429
28/12/2023,Child,Paediatric Dermatology,2576,1794,605,871,5846,2023,12,25.24803284
28/12/2023,Child,Paed Orthopaedic,1778,1053,741,607,4179,2023,12,32.2565207
28/12/2023,Child,Paed Nephrology,314,161,52,12,539,2023,12,11.87384045
28/12/2023,Child,Paed Metabolic Medicine,26,2,4,0,32,2023,12,12.5
28/12/2023,Child,Paed Haematology,222,37,2,0,261,2023,12,0.766283525
28/12/2023,Child,Paed Gastro-Enterol,457,254,80,83,874,2023,12,18.64988558
28/12/2023,Child,Paediatric Neurology,702,314,87,2,1105,2023,12,8.054298643
28/12/2023,Adult,Vascular Surgery,8230,2804,1434,655,13123,2023,12,15.91861617
28/12/2023,Adult,Otolaryngology (ENT),19610,7623,2697,4447,34377,2023,12,20.78133636
28/12/2023,Adult,Small Volume Specialities,68,30,15,0,112,2023,12,13.39285714
28/12/2023,Adult,Haematology,5434,1918,736,513,8601,2023,12,14.52156726
28/12/2023,Adult,Gynaecology,21493,4686,992,658,27829,2023,12,5.929066801
28/12/2023,Adult,Geriatric Medicine,3397,503,110,67,4077,2023,12,4.34142752
28/12/2023,Adult,General Surgery,24236,5126,1198,664,31224,2023,12,5.963361517
28/12/2023,Adult,General Medicine,8707,3432,1375,1196,14710,2023,12,17.47790619
28/12/2023,Adult,Gastro-Intestinal Surgery,199,76,38,8,321,2023,12,14.33021807
28/12/2023,Adult,Urology,13470,4112,1067,2560,21209,2023,12,17.10123061
28/12/2023,Adult,Endocrinology,8133,4438,2120,4384,19075,2023,12,34.09698558
28/12/2023,Adult,Hepato-Biliary Surgery,69,19,2,0,90,2023,12,2.222222222
28/12/2023,Adult,Diabetes Mellitus,1356,427,70,29,1882,2023,12,5.260361318
28/12/2023,Adult,Clinical Neurophysiology,693,380,281,236,1590,2023,12,32.51572327
28/12/2023,Adult,Clinical Immunology,1368,633,415,109,2525,2023,12,20.75247525
28/12/2023,Adult,Clinical (Medical) Genetics,701,721,633,922,2977,2023,12,52.23379241
28/12/2023,Adult,Chemical Pathology,60,4,0,0,64,2023,12,0
28/12/2023,Adult,Cardiology,22156,9943,2838,1559,36496,2023,12,12.04789566
28/12/2023,Adult,Cardio-Thoracic Surgery,341,36,25,32,434,2023,12,13.13364055
28/12/2023,Adult,Breast Surgery,2372,8,0,0,2380,2023,12,0
28/12/2023,Adult,Anaesthetics,18,4,0,0,23,2023,12,0
28/12/2023,Adult,Dermatology,27224,11342,3585,5089,47240,2023,12,18.361558
28/12/2023,Adult,Infectious Diseases,695,251,371,2,1319,2023,12,28.27899924
28/12/2023,Adult,Gastro-Enterology,10887,3734,813,270,15704,2023,12,6.896332145
28/12/2023,Adult,Metabolic Medicine,91,10,7,0,108,2023,12,6.481481481
28/12/2023,Adult,Maxillo-Facial,1783,480,288,788,3339,2023,12,32.22521713
28/12/2023,Adult,Rehabilitation Medicine,19,2,0,0,21,2023,12,0
28/12/2023,Adult,Radiotherapy,34,0,0,0,34,2023,12,0
28/12/2023,Adult,Psychiatry,405,15,2,0,422,2023,12,0.473933649
28/12/2023,Adult,Plastic Surgery,7394,2685,773,2156,13008,2023,12,22.51691267
28/12/2023,Adult,Pathology,62,39,27,61,189,2023,12,46.56084656
28/12/2023,Adult,Pain Relief,6298,3692,1907,1651,13548,2023,12,26.26217892
28/12/2023,Adult,Paediatrics,117,61,18,8,204,2023,12,12.74509804
28/12/2023,Adult,Paediatric Dermatology,18,8,0,0,26,2023,12,0
28/12/2023,Adult,Respiratory Medicine,11935,5196,1740,2290,21161,2023,12,19.0444686
28/12/2023,Adult,Other,6,16,0,0,22,2023,12,0
28/12/2023,Adult,Orthopaedics,35540,17054,6321,4822,63737,2023,12,17.4827808
28/12/2023,Adult,Ophthalmology,16281,7579,3985,4987,32832,2023,12,27.32699805
28/12/2023,Adult,Oncology,572,20,2,0,594,2023,12,0.336700337
28/12/2023,Adult,Neurosurgery,4114,2171,1092,2891,10268,2023,12,38.79041683
28/12/2023,Adult,Neurology,10195,4989,2164,3786,21134,2023,12,28.153686
28/12/2023,Adult,Nephrology,2592,705,201,164,3662,2023,12,9.967231021
28/12/2023,Adult,Microbiology,22,4,0,0,27,2023,12,0
25/01/2024,Child,Otolaryngology (ENT),4340,2696,502,447,7985,2024,1,11.88478397
25/01/2024,Child,Orthopaedics,1432,730,280,413,2855,2024,1,24.2732049
25/01/2024,Child,Ophthalmology,2083,786,272,494,3635,2024,1,21.07290234
25/01/2024,Child,Maxillo-Facial,194,100,65,89,448,2024,1,34.375
25/01/2024,Child,Immunology,183,69,33,12,297,2024,1,15.15151515
25/01/2024,Child,Haematology,65,10,2,0,76,2024,1,2.631578947
25/01/2024,Child,Gynaecology,361,141,71,17,591,2024,1,14.89001692
25/01/2024,Child,General Surgery,841,330,142,114,1427,2024,1,17.93973371
25/01/2024,Child,Clinical Immunology,338,212,121,145,816,2024,1,32.59803922
25/01/2024,Child,Dermatology,1541,691,275,601,3109,2024,1,28.17626246
25/01/2024,Child,Dental Surgery,173,95,61,25,354,2024,1,24.29378531
25/01/2024,Child,Paed Cardiology,2350,1602,897,65,4913,2024,1,19.58070425
25/01/2024,Child,Clinical (Medical) Genetics,85,412,82,16,595,2024,1,16.47058824
25/01/2024,Child,Cardiology,24,7,4,2,37,2024,1,16.21621622
25/01/2024,Child,Cardio-Thoracic Surgery,46,10,0,0,56,2024,1,0
25/01/2024,Adult,Vascular Surgery,7624,3085,1129,632,12470,2024,1,14.12189254
25/01/2024,Child,Developmental Paediatrics,364,223,153,274,1015,2024,1,42.06896552
25/01/2024,Child,Paed Endocrinology,479,141,28,5,653,2024,1,5.053598775
25/01/2024,Adult,Urology,13437,4665,1075,2392,21570,2024,1,16.07324988
25/01/2024,Child,Paed Haematology,234,52,2,2,290,2024,1,1.379310345
25/01/2024,Child,Small Volume Specialties,596,130,23,11,760,2024,1,4.473684211
25/01/2024,Child,Rheumatology,237,202,94,547,1080,2024,1,59.35185185
25/01/2024,Child,Plastic Surgery,717,273,110,110,1210,2024,1,18.18181818
25/01/2024,Child,Pain Relief,25,4,0,0,29,2024,1,0
25/01/2024,Child,Paediatrics,12649,5072,1323,480,19524,2024,1,9.234787953
25/01/2024,Child,Paediatric Urology,623,360,122,30,1135,2024,1,13.39207048
25/01/2024,Child,Paediatric Surgery,1835,1017,419,143,3414,2024,1,16.46162859
25/01/2024,Child,Paed Gastro-Enterol,476,261,90,86,913,2024,1,19.27710843
25/01/2024,Child,Paediatric Respiratory Medicine,677,420,173,216,1487,2024,1,26.1600538
25/01/2024,Child,Paediatric Neurology,751,304,95,2,1152,2024,1,8.420138889
25/01/2024,Child,Urology,941,456,166,308,1871,2024,1,25.33404596
25/01/2024,Child,Paediatric ENT,2674,1953,828,1075,6530,2024,1,29.1424196
25/01/2024,Child,Paediatric Dermatology,2632,1864,628,887,6011,2024,1,25.20379305
25/01/2024,Child,Paed Orthopaedic,1757,1053,754,673,4237,2024,1,33.67949021
25/01/2024,Child,Paed Nephrology,301,167,65,30,563,2024,1,16.87388988
25/01/2024,Child,Paed Metabolic Medicine,37,4,4,0,45,2024,1,8.888888889
25/01/2024,Child,Paediatric Neurosurgery,57,8,2,0,67,2024,1,2.985074627
25/01/2024,Adult,Small Volume Specialties,562,93,24,7,686,2024,1,4.518950437
25/01/2024,Child,Paediatric Infectious Diseases,53,7,2,2,64,2024,1,6.25
25/01/2024,Adult,Respiratory Medicine,12139,5608,1772,2284,21804,2024,1,18.60209136
25/01/2024,Adult,Geriatric Medicine,3427,499,128,67,4120,2024,1,4.733009709
25/01/2024,Adult,General Surgery,24512,5417,1259,698,31886,2024,1,6.137489807
25/01/2024,Adult,General Medicine,8624,3611,1232,1178,14644,2024,1,16.45725212
25/01/2024,Adult,Gastro-Intestinal Surgery,252,81,44,8,385,2024,1,13.50649351
25/01/2024,Adult,Gastro-Enterology,10884,4006,819,284,15992,2024,1,6.897198599
25/01/2024,Adult,Endocrinology,7821,4495,1846,4078,18240,2024,1,32.47807018
25/01/2024,Adult,Diabetes Mellitus,1305,449,75,27,1856,2024,1,5.495689655
25/01/2024,Adult,Gynaecology,21510,5240,940,609,28299,2024,1,5.47369165
25/01/2024,Adult,Dermatology,26780,12315,3547,5262,47904,2024,1,18.38886106
25/01/2024,Adult,Clinical Immunology,1339,670,419,140,2568,2024,1,21.76791277
25/01/2024,Adult,Clinical (Medical) Genetics,701,721,633,922,2977,2024,1,52.23379241
25/01/2024,Adult,Chemical Pathology,55,7,0,0,62,2024,1,0
25/01/2024,Adult,Cardiology,22355,10669,2871,1654,37549,2024,1,12.05092013
25/01/2024,Adult,Cardio-Thoracic Surgery,343,41,21,39,444,2024,1,13.51351351
25/01/2024,Adult,Breast Surgery,2508,17,0,0,2525,2024,1,0
25/01/2024,Adult,Anaesthetics,23,2,0,0,25,2024,1,0
25/01/2024,Adult,Clinical Neurophysiology,716,390,282,243,1631,2024,1,32.1888412
25/01/2024,Adult,Haematology,5447,2053,797,527,8825,2024,1,15.00283286
25/01/2024,Adult,Rheumatology,7036,3325,1046,1082,12489,2024,1,17.03899431
25/01/2024,Adult,Infectious Diseases,771,271,392,2,1436,2024,1,27.43732591
25/01/2024,Adult,Radiotherapy,28,2,0,0,30,2024,1,0
25/01/2024,Adult,Psychiatry,393,15,2,0,411,2024,1,0.486618005
25/01/2024,Adult,Plastic Surgery,7258,2926,857,2133,13174,2024,1,22.69621983
25/01/2024,Adult,Pathology,71,31,29,61,192,2024,1,46.875
25/01/2024,Adult,Pain Relief,6353,3661,1994,1523,13531,2024,1,25.99216614
25/01/2024,Adult,Hepato-Biliary Surgery,83,20,0,0,103,2024,1,0
25/01/2024,Adult,Paediatric Dermatology,21,4,2,0,27,2024,1,7.407407407
25/01/2024,Adult,Otolaryngology (ENT),20022,8012,2784,4382,35201,2024,1,20.35737621
25/01/2024,Adult,Paediatrics,49,45,13,9,117,2024,1,18.8034188
25/01/2024,Adult,Orthopaedics,35096,17870,5841,4559,63365,2024,1,16.41284621
25/01/2024,Adult,Ophthalmology,16410,7661,3818,5054,32942,2024,1,26.93218384
25/01/2024,Adult,Oncology,514,20,10,0,544,2024,1,1.838235294
25/01/2024,Adult,Neurosurgery,4146,2432,1169,2880,10627,2024,1,38.10106333
25/01/2024,Adult,Neurology,10133,5301,2261,3773,21468,2024,1,28.10694988
25/01/2024,Adult,Nephrology,2573,788,198,159,3718,2024,1,9.601936525
25/01/2024,Adult,Metabolic Medicine,83,19,4,0,107,2024,1,3.738317757
25/01/2024,Adult,Maxillo-Facial,1796,538,334,815,3483,2024,1,32.98880276
25/01/2024,Adult,Other,2,21,0,0,23,2024,1,0
29/02/2024,Child,Otolaryngology (ENT),4944,2252,639,446,8281,2024,2,13.10228233
29/02/2024,Child,Orthopaedics,1410,663,293,390,2756,2024,2,24.78229318
29/02/2024,Child,Ophthalmology,2092,800,302,463,3658,2024,2,20.91306725
29/02/2024,Child,Maxillo-Facial,212,93,50,87,442,2024,2,30.99547511
29/02/2024,Child,Immunology,189,66,34,2,291,2024,2,12.37113402
29/02/2024,Child,Haematology,58,14,3,0,76,2024,2,3.947368421
29/02/2024,Child,Gynaecology,388,135,79,15,615,2024,2,15.28455285
29/02/2024,Adult,Vascular Surgery,7544,2679,1092,700,12015,2024,2,14.91468997
29/02/2024,Child,Developmental Paediatrics,352,229,124,222,926,2024,2,37.3650108
29/02/2024,Child,Dermatology,1713,723,301,638,3376,2024,2,27.81398104
29/02/2024,Child,Dental Surgery,180,99,56,33,368,2024,2,24.18478261
29/02/2024,Child,Clinical Immunology,363,193,138,113,807,2024,2,31.10285006
29/02/2024,Child,Clinical (Medical) Genetics,49,365,79,13,506,2024,2,18.18181818
29/02/2024,Child,Cardiology,20,7,4,5,36,2024,2,25
29/02/2024,Child,Cardio-Thoracic Surgery,44,7,3,0,54,2024,2,5.555555556
29/02/2024,Child,Paed Cardiology,2301,1559,1020,150,5030,2024,2,23.26043738
29/02/2024,Child,General Surgery,832,325,142,121,1421,2024,2,18.50809289
29/02/2024,Child,Paed Endocrinology,463,149,27,5,644,2024,2,4.968944099
29/02/2024,Child,Paediatric Neurology,826,336,109,2,1272,2024,2,8.726415094
29/02/2024,Child,Paed Haematology,239,50,3,2,294,2024,2,1.700680272
29/02/2024,Adult,Urology,13821,4942,1199,2196,22158,2024,2,15.32177994
29/02/2024,Child,Urology,942,486,167,278,1872,2024,2,23.77136752
29/02/2024,Child,Small Volume Specialties,542,127,20,15,703,2024,2,4.978662873
29/02/2024,Child,Rheumatology,242,181,103,474,1000,2024,2,57.7
29/02/2024,Child,Plastic Surgery,713,238,118,114,1182,2024,2,19.62774958
29/02/2024,Child,Paediatrics,13253,4943,1548,532,20275,2024,2,10.25893958
29/02/2024,Child,Paediatric Urology,765,355,127,24,1271,2024,2,11.88040913
29/02/2024,Child,Paed Gastro-Enterol,464,243,121,95,923,2024,2,23.40195016
29/02/2024,Child,Paediatric Surgery,1716,1061,406,191,3374,2024,2,17.69413159
29/02/2024,Child,Paediatric Neurosurgery,41,0,0,0,41,2024,2,0
29/02/2024,Child,Paediatric Infectious Diseases,50,8,2,2,60,2024,2,6.666666667
29/02/2024,Child,Paediatric ENT,2914,1835,939,1059,6747,2024,2,29.61316141
29/02/2024,Child,Paediatric Dermatology,2632,1859,674,895,6060,2024,2,25.89108911
29/02/2024,Child,Paed Orthopaedic,1757,1127,728,753,4365,2024,2,33.92898053
29/02/2024,Child,Paed Nephrology,307,175,74,33,589,2024,2,18.1663837
29/02/2024,Child,Paed Metabolic Medicine,36,2,2,0,39,2024,2,5.128205128
29/02/2024,Child,Paediatric Respiratory Medicine,738,416,197,184,1534,2024,2,24.83702738
29/02/2024,Adult,Small Volume Specialties,527,91,23,8,650,2024,2,4.769230769
29/02/2024,Adult,Respiratory Medicine,12934,5618,1990,2275,22818,2024,2,18.691384
29/02/2024,Adult,Anaesthetics,32,0,0,0,32,2024,2,0
29/02/2024,Adult,Gynaecology,22159,5254,1029,585,29026,2024,2,5.560531937
29/02/2024,Adult,Geriatric Medicine,3720,439,111,70,4340,2024,2,4.170506912
29/02/2024,Adult,General Surgery,25438,5599,1234,675,32946,2024,2,5.794330116
29/02/2024,Adult,General Medicine,8402,3289,1116,1084,13891,2024,2,15.83759269
29/02/2024,Adult,Gastro-Intestinal Surgery,347,72,52,2,473,2024,2,11.41649049
29/02/2024,Adult,Gastro-Enterology,11337,3873,823,291,16323,2024,2,6.824725847
29/02/2024,Adult,Diabetes Mellitus,1342,461,83,25,1910,2024,2,5.654450262
29/02/2024,Adult,Haematology,5481,2217,844,479,9020,2024,2,14.66740576
29/02/2024,Adult,Dermatology,27014,13233,3806,5597,49650,2024,2,18.93856999
29/02/2024,Adult,Clinical Immunology,1484,676,413,177,2750,2024,2,21.45454545
29/02/2024,Adult,Clinical (Medical) Genetics,688,673,640,876,2877,2024,2,52.69377824
29/02/2024,Adult,Chemical Pathology,61,6,1,0,68,2024,2,1.470588235
29/02/2024,Adult,Cardiology,22910,11031,3183,1786,38909,2024,2,12.77082423
29/02/2024,Adult,Cardio-Thoracic Surgery,380,36,19,37,472,2024,2,11.86440678
29/02/2024,Adult,Breast Surgery,2736,23,0,0,2759,2024,2,0
29/02/2024,Adult,Rheumatology,6957,3205,970,894,12026,2024,2,15.49975054
29/02/2024,Adult,Clinical Neurophysiology,825,428,278,208,1739,2024,2,27.94709603
29/02/2024,Adult,Hepato-Biliary Surgery,108,21,0,0,129,2024,2,0
29/02/2024,Adult,Endocrinology,7994,4437,1880,4354,18664,2024,2,33.40120017
29/02/2024,Adult,Maxillo-Facial,1876,522,306,753,3457,2024,2,30.63349725
29/02/2024,Adult,Infectious Diseases,671,285,443,2,1401,2024,2,31.76302641
29/02/2024,Adult,Plastic Surgery,7485,2860,788,1978,13110,2024,2,21.09839817
29/02/2024,Adult,Pathology,64,35,30,61,190,2024,2,47.89473684
29/02/2024,Adult,Pain Relief,6479,3522,1962,1642,13605,2024,2,26.49026093
29/02/2024,Adult,Paediatrics,76,49,8,12,144,2024,2,13.88888889
29/02/2024,Adult,Paediatric Neurology,5,11,7,0,23,2024,2,30.43478261
29/02/2024,Adult,Paediatric Dermatology,21,8,0,0,29,2024,2,0
29/02/2024,Adult,Otolaryngology (ENT),20633,7876,3101,4084,35694,2024,2,20.12943352
29/02/2024,Adult,Psychiatry,450,15,4,0,469,2024,2,0.852878465
29/02/2024,Adult,Orthopaedics,35245,17799,5866,4408,63319,2024,2,16.22577741
29/02/2024,Adult,Ophthalmology,16458,7342,3969,5398,33167,2024,2,28.24192722
29/02/2024,Adult,Oncology,566,24,6,0,596,2024,2,1.006711409
29/02/2024,Adult,Neurosurgery,4264,2531,1194,2950,10939,2024,2,37.88280464
29/02/2024,Adult,Neurology,10860,5173,2378,3546,21957,2024,2,26.98000638
29/02/2024,Adult,Nephrology,2694,754,221,159,3828,2024,2,9.926854754
29/02/2024,Adult,Metabolic Medicine,82,22,4,0,108,2024,2,3.703703704
29/02/2024,Adult,Other,2,25,0,0,27,2024,2,0
28/03/2024,Child,Orthopaedics,1408,660,297,406,2770,2024,3,25.37906137
28/03/2024,Child,Ophthalmology,2185,799,342,452,3778,2024,3,21.0164108
28/03/2024,Child,Maxillo-Facial,240,85,47,82,454,2024,3,28.41409692
28/03/2024,Child,Immunology,242,56,36,2,336,2024,3,11.30952381
28/03/2024,Child,Haematology,57,20,3,0,80,2024,3,3.75
28/03/2024,Child,Gynaecology,387,131,64,18,601,2024,3,13.64392679
28/03/2024,Child,General Surgery,829,331,153,122,1435,2024,3,19.16376307
28/03/2024,Child,Developmental Paediatrics,356,230,125,214,925,2024,3,36.64864865
28/03/2024,Child,Clinical (Medical) Genetics,6,309,72,8,395,2024,3,20.25316456
28/03/2024,Child,Dental Surgery,196,89,61,32,378,2024,3,24.6031746
28/03/2024,Child,Clinical Immunology,400,193,152,104,849,2024,3,30.15312132
28/03/2024,Child,Cardiology,20,8,9,5,42,2024,3,33.33333333
28/03/2024,Child,Cardio-Thoracic Surgery,76,12,2,0,90,2024,3,2.222222222
28/03/2024,Adult,Vascular Surgery,7596,2685,1087,705,12073,2024,3,14.84303818
28/03/2024,Adult,Urology,14061,5332,1219,1959,22571,2024,3,14.08001418
28/03/2024,Child,Otolaryngology (ENT),5156,2188,785,410,8539,2024,3,13.99461295
28/03/2024,Child,Dermatology,1796,749,318,675,3538,2024,3,28.06670435
28/03/2024,Child,Paed Cardiology,2299,1554,1106,249,5208,2024,3,26.01766513
28/03/2024,Adult,Small Volume Specialties,500,96,33,10,639,2024,3,6.729264476
28/03/2024,Child,Paed Gastro-Enterol,416,234,115,109,874,2024,3,25.62929062
28/03/2024,Child,Urology,967,510,178,231,1886,2024,3,21.68610817
28/03/2024,Child,Rheumatology,241,163,116,398,918,2024,3,55.9912854
28/03/2024,Child,Plastic Surgery,673,202,108,116,1099,2024,3,20.38216561
28/03/2024,Child,Paediatrics,13496,4952,1654,576,20677,2024,3,10.78493012
28/03/2024,Child,Paediatric Urology,823,382,145,16,1366,2024,3,11.78623719
28/03/2024,Child,Paediatric Surgery,1541,1083,402,206,3231,2024,3,18.8177035
28/03/2024,Child,Paediatric Respiratory Medicine,776,364,259,126,1526,2024,3,25.2293578
28/03/2024,Child,Paed Endocrinology,493,146,28,6,673,2024,3,5.052005944
28/03/2024,Child,Paediatric Neurosurgery,52,0,0,0,52,2024,3,0
28/03/2024,Child,Paediatric Infectious Diseases,44,7,2,2,55,2024,3,7.272727273
28/03/2024,Child,Paediatric ENT,3060,1700,1089,1075,6924,2024,3,31.25361063
28/03/2024,Child,Paediatric Dermatology,2606,1827,741,925,6099,2024,3,27.31595343
28/03/2024,Child,Paed Orthopaedic,1584,1188,726,812,4310,2024,3,35.68445476
28/03/2024,Child,Paed Nephrology,322,168,81,25,596,2024,3,17.7852349
28/03/2024,Child,Paed Metabolic Medicine,28,2,2,0,32,2024,3,6.25
28/03/2024,Child,Paed Haematology,231,48,4,0,283,2024,3,1.413427562
28/03/2024,Child,Paediatric Neurology,819,348,128,2,1297,2024,3,10.0231303
28/03/2024,Adult,Rheumatology,6821,3158,958,817,11754,2024,3,15.10124213
28/03/2024,Child,Small Volume Specialties,540,125,11,17,693,2024,3,4.04040404
28/03/2024,Adult,Radiotherapy,23,0,0,0,23,2024,3,0
28/03/2024,Adult,Geriatric Medicine,3782,448,90,82,4402,2024,3,3.907314857
28/03/2024,Adult,General Surgery,25752,5895,1349,758,33754,2024,3,6.242223144
28/03/2024,Adult,General Medicine,8375,3341,1127,1062,13905,2024,3,15.74253866
28/03/2024,Adult,Gastro-Intestinal Surgery,394,65,57,0,516,2024,3,11.04651163
28/03/2024,Adult,Gastro-Enterology,11586,3846,861,283,16576,2024,3,6.901544402
28/03/2024,Adult,Endocrinology,8017,4162,1946,4422,18547,2024,3,34.3343937
28/03/2024,Adult,Diabetes Mellitus,1350,486,95,23,1954,2024,3,6.038894575
28/03/2024,Adult,Gynaecology,22104,5354,1081,547,29086,2024,3,5.597194527
28/03/2024,Adult,Dermatology,27041,13876,4156,5911,50983,2024,3,19.74579762
28/03/2024,Adult,Clinical Immunology,1539,719,417,199,2874,2024,3,21.4335421
28/03/2024,Adult,Clinical (Medical) Genetics,666,619,631,823,2739,2024,3,53.08506754
28/03/2024,Adult,Chemical Pathology,57,7,2,2,67,2024,3,5.970149254
28/03/2024,Adult,Cardiology,23097,10934,3314,1771,39116,2024,3,12.99979548
28/03/2024,Adult,Cardio-Thoracic Surgery,372,29,21,27,450,2024,3,10.66666667
28/03/2024,Adult,Breast Surgery,2907,26,0,0,2933,2024,3,0
28/03/2024,Adult,Anaesthetics,31,0,0,0,31,2024,3,0
28/03/2024,Adult,Clinical Neurophysiology,786,435,288,195,1704,2024,3,28.34507042
28/03/2024,Adult,Haematology,5727,2186,827,456,9196,2024,3,13.95171814
28/03/2024,Adult,Respiratory Medicine,12950,5519,2122,2286,22878,2024,3,19.26741848
28/03/2024,Adult,Infectious Diseases,696,275,471,22,1463,2024,3,33.69788107
28/03/2024,Adult,Hepato-Biliary Surgery,114,16,2,0,132,2024,3,1.515151515
28/03/2024,Adult,Psychiatry,486,15,2,2,505,2024,3,0.792079208
28/03/2024,Adult,Plastic Surgery,7537,2871,732,1975,13115,2024,3,20.64048799
28/03/2024,Adult,Pathology,73,36,25,58,192,2024,3,43.22916667
28/03/2024,Adult,Pain Relief,6538,3552,1800,1670,13561,2024,3,25.58808347
28/03/2024,Adult,Paediatric Neurology,6,11,8,0,25,2024,3,32
28/03/2024,Adult,Paediatric Dermatology,17,6,2,0,25,2024,3,8
28/03/2024,Adult,Otolaryngology (ENT),20880,8066,3122,3803,35870,2024,3,19.3058266
28/03/2024,Adult,Paediatrics,65,53,15,10,143,2024,3,17.48251748
28/03/2024,Adult,Ophthalmology,16977,7387,4280,5459,34102,2024,3,28.55844232
28/03/2024,Adult,Oncology,628,16,2,0,647,2024,3,0.309119011
28/03/2024,Adult,Neurosurgery,4422,2537,1191,3002,11152,2024,3,37.59863702
28/03/2024,Adult,Neurology,11245,5190,2475,3468,22378,2024,3,26.5573331
28/03/2024,Adult,Nephrology,2765,746,223,142,3876,2024,3,9.416924665
28/03/2024,Adult,Metabolic Medicine,74,23,4,0,100,2024,3,4
28/03/2024,Adult,Maxillo-Facial,1842,526,274,711,3353,2024,3,29.3766776
28/03/2024,Adult,Orthopaedics,35362,18093,5944,4214,63613,2024,3,15.96843413
25/04/2024,Child,Haematology,65,11,4,0,79,2024,4,5.063291139
25/04/2024,Child,Otolaryngology (ENT),5371,1978,860,329,8538,2024,4,13.92597798
25/04/2024,Child,Orthopaedics,1402,648,300,411,2761,2024,4,25.7515393
25/04/2024,Child,Ophthalmology,2007,856,361,449,3672,2024,4,22.05882353
25/04/2024,Child,Maxillo-Facial,236,69,42,66,413,2024,4,26.15012107
25/04/2024,Child,Immunology,226,57,36,5,324,2024,4,12.65432099
25/04/2024,Child,Gynaecology,429,140,62,20,651,2024,4,12.59600614
25/04/2024,Child,Cardio-Thoracic Surgery,50,19,2,0,71,2024,4,2.816901408
25/04/2024,Child,Developmental Paediatrics,388,233,110,224,955,2024,4,34.97382199
25/04/2024,Child,Dermatology,1845,776,364,684,3670,2024,4,28.55585831
25/04/2024,Child,Dental Surgery,220,89,64,21,394,2024,4,21.57360406
25/04/2024,Child,Clinical Immunology,387,199,159,99,844,2024,4,30.56872038
25/04/2024,Child,Clinical (Medical) Genetics,39,248,91,12,390,2024,4,26.41025641
25/04/2024,Child,Cardiology,20,6,9,2,37,2024,4,29.72972973
25/04/2024,Child,Paed Cardiology,2296,1639,1103,363,5401,2024,4,27.14312164
25/04/2024,Child,General Surgery,786,370,102,91,1349,2024,4,14.306894
25/04/2024,Child,Paed Endocrinology,498,146,32,5,681,2024,4,5.43318649
25/04/2024,Child,Paediatric Neurology,791,386,136,9,1322,2024,4,10.96822995
25/04/2024,Child,Paed Haematology,271,37,2,0,310,2024,4,0.64516129
25/04/2024,Adult,Vascular Surgery,7449,2557,1070,635,11711,2024,4,14.55896166
25/04/2024,Child,Urology,937,496,193,226,1851,2024,4,22.63641275
25/04/2024,Child,Small Volume Specialties,513,144,19,18,694,2024,4,5.331412104
25/04/2024,Child,Rheumatology,223,159,110,391,883,2024,4,56.73839185
25/04/2024,Child,Plastic Surgery,670,204,94,123,1091,2024,4,19.89000917
25/04/2024,Child,Paediatrics,13659,4900,1733,523,20814,2024,4,10.83885846
25/04/2024,Child,Paediatric Urology,866,383,173,23,1445,2024,4,13.56401384
25/04/2024,Child,Paed Gastro-Enterol,429,217,111,112,869,2024,4,25.66168009
25/04/2024,Child,Paediatric Surgery,1436,1073,358,205,3072,2024,4,18.32682292
25/04/2024,Child,Paediatric Neurosurgery,49,0,0,0,49,2024,4,0
25/04/2024,Child,Paediatric Infectious Diseases,38,10,2,2,52,2024,4,7.692307692
25/04/2024,Child,Paediatric ENT,3155,1690,1112,1135,7092,2024,4,31.68358714
25/04/2024,Child,Paediatric Dermatology,2583,1814,792,941,6130,2024,4,28.27079935
25/04/2024,Child,Paed Orthopaedic,1475,1206,666,854,4201,2024,4,36.18186146
25/04/2024,Child,Paed Nephrology,316,182,77,21,596,2024,4,16.44295302
25/04/2024,Child,Paed Metabolic Medicine,31,4,0,0,35,2024,4,0
25/04/2024,Child,Paediatric Respiratory Medicine,845,343,259,148,1596,2024,4,25.50125313
25/04/2024,Adult,Urology,14023,5647,1374,1847,22892,2024,4,14.07041761
25/04/2024,Adult,Small Volume Specialties,491,96,31,10,628,2024,4,6.52866242
25/04/2024,Adult,Rheumatology,7303,3043,937,822,12105,2024,4,14.53118546
25/04/2024,Adult,Geriatric Medicine,3835,435,95,76,4442,2024,4,3.84961729
25/04/2024,Adult,General Surgery,25592,6042,1311,604,33548,2024,4,5.708238941
25/04/2024,Adult,General Medicine,8231,3318,1122,1077,13748,2024,4,15.99505383
25/04/2024,Adult,Gastro-Intestinal Surgery,470,68,52,0,590,2024,4,8.813559322
25/04/2024,Adult,Gastro-Enterology,11381,4003,920,275,16578,2024,4,7.208348414
25/04/2024,Adult,Endocrinology,7988,4132,1921,4560,18601,2024,4,34.84221278
25/04/2024,Adult,Dermatology,27005,14100,4366,5984,51455,2024,4,20.1146633
25/04/2024,Adult,Clinical Neurophysiology,877,430,280,186,1773,2024,4,26.28313593
25/04/2024,Adult,Clinical Immunology,1527,794,413,219,2953,2024,4,21.4019641
25/04/2024,Adult,Clinical (Medical) Genetics,629,607,613,817,2666,2024,4,53.6384096
25/04/2024,Adult,Chemical Pathology,54,12,0,2,68,2024,4,2.941176471
25/04/2024,Adult,Cardiology,23133,11176,3384,1768,39460,2024,4,13.0562595
25/04/2024,Adult,Cardio-Thoracic Surgery,364,31,17,17,429,2024,4,7.925407925
25/04/2024,Adult,Breast Surgery,2970,33,0,0,3003,2024,4,0
25/04/2024,Adult,Anaesthetics,29,0,0,0,29,2024,4,0
25/04/2024,Adult,Gynaecology,22108,5552,936,539,29134,2024,4,5.062813208
25/04/2024,Adult,Haematology,5910,2143,911,487,9451,2024,4,14.79208549
25/04/2024,Adult,Diabetes Mellitus,1347,522,95,24,1987,2024,4,5.988928032
25/04/2024,Adult,Infectious Diseases,660,253,473,55,1442,2024,4,36.61581137
25/04/2024,Adult,Hepato-Biliary Surgery,111,22,2,0,136,2024,4,1.470588235
25/04/2024,Adult,Psychiatry,442,23,3,0,468,2024,4,0.641025641
25/04/2024,Adult,Plastic Surgery,7423,2807,723,1950,12903,2024,4,20.71611253
25/04/2024,Adult,Pathology,70,43,20,62,195,2024,4,42.05128205
25/04/2024,Adult,Pain Relief,6723,3516,1826,1647,13713,2024,4,25.32633268
25/04/2024,Adult,Paediatrics,73,37,20,10,140,2024,4,21.42857143
25/04/2024,Adult,Paediatric Dermatology,14,9,0,0,23,2024,4,0
25/04/2024,Adult,Otolaryngology (ENT),21154,8271,3209,3431,36066,2024,4,18.41069151
25/04/2024,Adult,Respiratory Medicine,13293,5578,2241,2321,23433,2024,4,19.46827124
25/04/2024,Adult,Ophthalmology,16948,7473,4371,5349,34142,2024,4,28.46933396
25/04/2024,Adult,Oncology,646,14,0,0,660,2024,4,0
25/04/2024,Adult,Neurosurgery,4553,2697,1229,3022,11501,2024,4,36.9620033
25/04/2024,Adult,Neurology,11382,5284,2535,3447,22648,2024,4,26.41292829
25/04/2024,Adult,Nephrology,2826,743,244,143,3956,2024,4,9.782608696
25/04/2024,Adult,Metabolic Medicine,71,26,4,0,100,2024,4,4
25/04/2024,Adult,Maxillo-Facial,1962,562,278,703,3505,2024,4,27.98858773
25/04/2024,Adult,Orthopaedics,35749,18268,6336,4253,64605,2024,4,16.39037226
30/05/2024,Child,Otolaryngology (ENT),5713,1796,981,321,8811,2024,5,14.77698332
30/05/2024,Child,Orthopaedics,1513,604,318,424,2859,2024,5,25.95313047
30/05/2024,Child,Ophthalmology,1942,848,415,434,3639,2024,5,23.33058533
30/05/2024,Child,Maxillo-Facial,237,72,29,33,370,2024,5,16.75675676
30/05/2024,Child,Immunology,236,63,41,2,342,2024,5,12.57309942
30/05/2024,Child,Haematology,62,9,2,0,72,2024,5,2.777777778
30/05/2024,Child,Gynaecology,425,158,64,21,668,2024,5,12.7245509
30/05/2024,Child,General Surgery,855,327,76,20,1278,2024,5,7.511737089
30/05/2024,Child,Clinical (Medical) Genetics,45,174,123,6,348,2024,5,37.06896552
30/05/2024,Child,Dermatology,1859,827,386,624,3696,2024,5,27.32683983
30/05/2024,Child,Dental Surgery,206,96,60,26,388,2024,5,22.16494845
30/05/2024,Child,Clinical Immunology,455,198,147,84,884,2024,5,26.13122172
30/05/2024,Child,Cardiology,19,7,7,5,38,2024,5,31.57894737
30/05/2024,Child,Cardio-Thoracic Surgery,67,17,2,0,86,2024,5,2.325581395
30/05/2024,Adult,Vascular Surgery,7654,2474,993,594,11715,2024,5,13.54673496
30/05/2024,Adult,Urology,13834,5788,1640,1702,22963,2024,5,14.55384749
30/05/2024,Child,Developmental Paediatrics,379,253,103,227,962,2024,5,34.3035343
30/05/2024,Child,Paed Cardiology,2250,1587,1169,481,5488,2024,5,30.06559767
30/05/2024,Child,Small Volume Specialties,504,133,24,16,677,2024,5,5.908419498
30/05/2024,Child,Paed Gastro-Enterol,502,181,135,122,940,2024,5,27.34042553
30/05/2024,Adult,Small Volume Specialties,538,85,31,6,660,2024,5,5.606060606
30/05/2024,Child,Urology,916,505,229,169,1819,2024,5,21.88015393
30/05/2024,Child,Rheumatology,275,131,121,391,918,2024,5,55.77342048
30/05/2024,Child,Plastic Surgery,750,169,74,129,1122,2024,5,18.09269162
30/05/2024,Child,Paediatrics,13721,4713,1608,467,20509,2024,5,10.11750939
30/05/2024,Child,Paediatric Urology,914,415,207,28,1564,2024,5,15.02557545
30/05/2024,Child,Paediatric Surgery,1470,916,412,178,2977,2024,5,19.81860934
30/05/2024,Child,Paediatric Respiratory Medicine,913,340,275,129,1657,2024,5,24.38141219
30/05/2024,Child,Paediatric Neurosurgery,44,2,0,2,48,2024,5,4.166666667
30/05/2024,Child,Paediatric Neurology,816,396,143,29,1384,2024,5,12.42774566
30/05/2024,Child,Paediatric Infectious Diseases,53,8,2,2,65,2024,5,6.153846154
30/05/2024,Child,Paediatric ENT,3321,1542,1307,1105,7275,2024,5,33.15463918
30/05/2024,Child,Paediatric Dermatology,2732,1664,989,964,6348,2024,5,30.76559546
30/05/2024,Child,Paed Orthopaedic,1590,1133,664,890,4277,2024,5,36.33387889
30/05/2024,Child,Paed Nephrology,319,177,86,22,604,2024,5,17.8807947
30/05/2024,Child,Paed Metabolic Medicine,36,2,0,0,38,2024,5,0
30/05/2024,Child,Paed Haematology,281,40,0,0,321,2024,5,0
30/05/2024,Child,Paed Endocrinology,511,136,30,8,685,2024,5,5.547445255
30/05/2024,Adult,Rheumatology,7661,2671,929,816,12076,2024,5,14.45014906
30/05/2024,Adult,Breast Surgery,2895,31,2,0,2929,2024,5,0.06828269
30/05/2024,Adult,Radiology,16,4,2,0,21,2024,5,9.523809524
30/05/2024,Adult,Gynaecology,22361,5311,956,519,29147,2024,5,5.060555117
30/05/2024,Adult,Geriatric Medicine,3792,379,126,83,4380,2024,5,4.771689498
30/05/2024,Adult,General Surgery,25649,5882,1203,507,33241,2024,5,5.144249571
30/05/2024,Adult,General Medicine,8274,3169,1028,993,13464,2024,5,15.0103981
30/05/2024,Adult,Gastro-Intestinal Surgery,554,67,48,2,670,2024,5,7.462686567
30/05/2024,Adult,Gastro-Enterology,11532,3942,1167,291,16932,2024,5,8.610914245
30/05/2024,Adult,Diabetes Mellitus,1302,547,107,16,1972,2024,5,6.237322515
30/05/2024,Adult,Haematology,6178,2069,969,414,9630,2024,5,14.36137072
30/05/2024,Adult,Dermatology,28402,13755,4896,6014,53067,2024,5,20.55891609
30/05/2024,Adult,Clinical Immunology,1631,829,442,244,3146,2024,5,21.80546726
30/05/2024,Adult,Clinical (Medical) Genetics,676,582,611,765,2634,2024,5,52.23993926
30/05/2024,Adult,Chemical Pathology,66,9,0,0,75,2024,5,0
30/05/2024,Adult,Cardiology,23808,11158,3723,1885,40574,2024,5,13.82165919
30/05/2024,Adult,Cardio-Thoracic Surgery,348,25,8,8,390,2024,5,4.102564103
30/05/2024,Adult,Anaesthetics,22,0,0,0,22,2024,5,0
30/05/2024,Adult,Respiratory Medicine,13322,5632,2421,2347,23723,2024,5,20.09863845
30/05/2024,Adult,Clinical Neurophysiology,838,449,261,145,1693,2024,5,23.98109864
30/05/2024,Adult,Hepato-Biliary Surgery,96,26,4,0,127,2024,5,3.149606299
30/05/2024,Adult,Endocrinology,8218,3828,1955,4652,18653,2024,5,35.42057578
30/05/2024,Adult,Maxillo-Facial,1945,565,295,674,3479,2024,5,27.85283127
30/05/2024,Adult,Infectious Diseases,715,253,459,108,1535,2024,5,36.93811075
30/05/2024,Adult,Plastic Surgery,7846,2545,763,1939,13094,2024,5,20.63540553
30/05/2024,Adult,Pathology,63,50,15,59,187,2024,5,39.57219251
30/05/2024,Adult,Pain Relief,7047,3631,1785,1651,14115,2024,5,24.34289763
30/05/2024,Adult,Paediatrics,59,45,28,9,141,2024,5,26.24113475
30/05/2024,Adult,Paediatric Neurology,7,8,9,2,26,2024,5,42.30769231
30/05/2024,Adult,Paediatric Dermatology,8,13,0,0,21,2024,5,0
30/05/2024,Adult,Paed Cardiology,11,7,2,0,21,2024,5,9.523809524
30/05/2024,Adult,Psychiatry,442,44,2,0,488,2024,5,0.409836066
30/05/2024,Adult,Orthopaedics,36517,18027,6543,4254,65342,2024,5,16.52382847
30/05/2024,Adult,Ophthalmology,16663,7343,4286,5042,33334,2024,5,27.98344033
30/05/2024,Adult,Oncology,540,17,0,0,557,2024,5,0
30/05/2024,Adult,Neurosurgery,4474,2572,1302,2995,11343,2024,5,37.88239443
30/05/2024,Adult,Neurology,11379,5198,2618,3187,22381,2024,5,25.93717886
30/05/2024,Adult,Nephrology,2860,746,255,141,4002,2024,5,9.895052474
30/05/2024,Adult,Metabolic Medicine,92,27,2,2,123,2024,5,3.25203252
30/05/2024,Adult,Otolaryngology (ENT),21121,8335,3387,3298,36142,2024,5,18.49648608
27/06/2024,Child,Orthopaedics,1471,576,315,436,2797,2024,6,26.85019664
27/06/2024,Child,Ophthalmology,1942,827,432,413,3614,2024,6,23.38129496
27/06/2024,Child,Maxillo-Facial,245,71,35,32,383,2024,6,17.49347258
27/06/2024,Child,Immunology,244,68,36,2,350,2024,6,10.85714286
27/06/2024,Child,Haematology,46,13,2,0,61,2024,6,3.278688525
27/06/2024,Child,Gynaecology,418,149,54,23,644,2024,6,11.95652174
27/06/2024,Child,General Surgery,877,279,75,21,1253,2024,6,7.661612131
27/06/2024,Child,Developmental Paediatrics,366,256,105,238,965,2024,6,35.54404145
27/06/2024,Child,Clinical (Medical) Genetics,50,94,159,8,311,2024,6,53.6977492
27/06/2024,Child,Dental Surgery,232,82,69,35,418,2024,6,24.88038278
27/06/2024,Child,Clinical Immunology,446,201,144,73,864,2024,6,25.11574074
27/06/2024,Child,Cardiology,17,10,2,0,29,2024,6,6.896551724
27/06/2024,Child,Cardio-Thoracic Surgery,66,20,2,0,88,2024,6,2.272727273
27/06/2024,Adult,Vascular Surgery,8073,2300,1075,632,12080,2024,6,14.1307947
27/06/2024,Adult,Urology,13799,5852,1780,1673,23104,2024,6,14.94546399
27/06/2024,Child,Otolaryngology (ENT),5820,1916,984,366,9086,2024,6,14.85802333
27/06/2024,Child,Dermatology,1830,837,419,621,3707,2024,6,28.05503102
27/06/2024,Child,Paed Cardiology,2228,1283,949,509,4969,2024,6,29.3419199
27/06/2024,Adult,Small Volume Specialties,563,94,31,8,697,2024,6,5.595408895
27/06/2024,Child,Paed Gastro-Enterol,543,147,140,135,965,2024,6,28.49740933
27/06/2024,Child,Urology,921,494,240,189,1844,2024,6,23.26464208
27/06/2024,Child,Small Volume Specialties,520,125,22,11,677,2024,6,4.874446086
27/06/2024,Child,Rheumatology,290,124,109,396,919,2024,6,54.95103373
27/06/2024,Child,Plastic Surgery,750,158,71,119,1098,2024,6,17.30418944
27/06/2024,Child,Paediatrics,13856,4667,1576,448,20547,2024,6,9.85058646
27/06/2024,Child,Paediatric Urology,930,409,232,41,1612,2024,6,16.93548387
27/06/2024,Child,Paediatric Surgery,1461,817,402,174,2853,2024,6,20.18927445
27/06/2024,Child,Paed Endocrinology,506,141,25,8,680,2024,6,4.852941176
27/06/2024,Child,Paediatric Respiratory Medicine,907,324,265,151,1648,2024,6,25.24271845
27/06/2024,Child,Paediatric Neurology,794,418,153,50,1415,2024,6,14.34628975
27/06/2024,Child,Paediatric Infectious Diseases,32,4,2,2,40,2024,6,10
27/06/2024,Child,Paediatric ENT,3402,1429,1333,1102,7266,2024,6,33.51224883
27/06/2024,Child,Paediatric Dermatology,2788,1622,1017,921,6348,2024,6,30.52930057
27/06/2024,Child,Paed Nephrology,341,170,83,27,621,2024,6,17.71336554
27/06/2024,Child,Paed Metabolic Medicine,44,0,0,0,44,2024,6,0
27/06/2024,Child,Paed Haematology,259,46,2,0,307,2024,6,0.651465798
27/06/2024,Child,Paediatric Neurosurgery,32,2,0,2,36,2024,6,5.555555556
27/06/2024,Adult,Rheumatology,7924,2578,916,829,12247,2024,6,14.24838736
27/06/2024,Child,Paed Orthopaedic,1594,1060,659,893,4206,2024,6,36.89966714
27/06/2024,Adult,Psychiatry,423,44,4,0,471,2024,6,0.8492569
27/06/2024,Adult,Geriatric Medicine,3847,373,126,83,4428,2024,6,4.719963866
27/06/2024,Adult,General Surgery,26077,5529,1222,359,33187,2024,6,4.763913581
27/06/2024,Adult,General Medicine,8455,2944,1013,999,13411,2024,6,15.0026098
27/06/2024,Adult,Respiratory Medicine,13679,5704,2539,2351,24273,2024,6,20.14584106
27/06/2024,Adult,Gastro-Intestinal Surgery,592,68,29,0,689,2024,6,4.208998549
27/06/2024,Adult,Gastro-Enterology,11859,3918,1260,292,17329,2024,6,8.956085175
27/06/2024,Adult,Diabetes Mellitus,1350,538,115,17,2020,2024,6,6.534653465
27/06/2024,Adult,Gynaecology,22981,5048,955,538,29523,2024,6,5.057074146
27/06/2024,Adult,Dermatology,29313,13408,5303,6190,54214,2024,6,21.19932121
27/06/2024,Adult,Clinical Immunology,1685,830,446,278,3239,2024,6,22.35257796
27/06/2024,Adult,Clinical (Medical) Genetics,776,522,613,727,2638,2024,6,50.79605762
27/06/2024,Adult,Chemical Pathology,59,9,2,0,70,2024,6,2.857142857
27/06/2024,Adult,Cardiology,23724,10819,3911,1917,40371,2024,6,14.43610512
27/06/2024,Adult,Cardio-Thoracic Surgery,346,31,4,7,389,2024,6,2.827763496
27/06/2024,Adult,Breast Surgery,2856,39,2,0,2896,2024,6,0.069060773
27/06/2024,Adult,Anaesthetics,28,0,0,0,28,2024,6,0
27/06/2024,Adult,Clinical Neurophysiology,854,468,239,70,1631,2024,6,18.94543225
27/06/2024,Adult,Haematology,6462,2010,1007,365,9844,2024,6,13.93742381
27/06/2024,Adult,Endocrinology,8741,3538,1974,4621,18875,2024,6,34.94039735
27/06/2024,Adult,Infectious Diseases,821,238,234,362,1656,2024,6,35.99033816
27/06/2024,Adult,Hepato-Biliary Surgery,106,27,3,0,136,2024,6,2.205882353
27/06/2024,Adult,Pathology,65,45,26,56,192,2024,6,42.70833333
27/06/2024,Adult,Palliative Medicine,23,0,0,0,23,2024,6,0
27/06/2024,Adult,Pain Relief,7221,3651,1863,1630,14366,2024,6,24.31435333
27/06/2024,Adult,Paediatrics,65,47,24,10,146,2024,6,23.28767123
27/06/2024,Adult,Paediatric Neurology,4,7,10,2,22,2024,6,54.54545455
27/06/2024,Adult,Paediatric Dermatology,12,13,0,0,25,2024,6,0
27/06/2024,Adult,Otolaryngology (ENT),21431,8524,3360,3209,36524,2024,6,17.98543424
27/06/2024,Adult,Plastic Surgery,7959,2462,881,1911,13213,2024,6,21.13070461
27/06/2024,Adult,Ophthalmology,16932,7036,4203,5165,33335,2024,6,28.10259487
27/06/2024,Adult,Oncology,601,11,4,0,616,2024,6,0.649350649
27/06/2024,Adult,Neurosurgery,4587,2534,1375,2945,11441,2024,6,37.75893716
27/06/2024,Adult,Neurology,11638,5352,2738,2846,22574,2024,6,24.73642243
27/06/2024,Adult,Nephrology,2975,725,276,137,4112,2024,6,10.04377432
27/06/2024,Adult,Metabolic Medicine,85,25,0,0,110,2024,6,0
27/06/2024,Adult,Maxillo-Facial,2065,574,296,504,3439,2024,6,23.26257633
27/06/2024,Adult,Orthopaedics,37695,17178,6667,4158,65698,2024,6,16.47690949
25/07/2024,Child,Otolaryngology (ENT),5788,2031,1007,366,9191,2024,7,14.93852682
25/07/2024,Child,Orthopaedics,1404,517,311,416,2647,2024,7,27.46505478
25/07/2024,Child,Ophthalmology,1934,845,427,428,3634,2024,7,23.52779307
25/07/2024,Child,Maxillo-Facial,299,26,14,3,341,2024,7,4.985337243
25/07/2024,Child,Immunology,233,67,34,2,336,2024,7,10.71428571
25/07/2024,Child,Haematology,22,11,2,2,36,2024,7,11.11111111
25/07/2024,Child,Gynaecology,384,139,59,19,601,2024,7,12.97836938
25/07/2024,Child,General Surgery,826,282,67,21,1196,2024,7,7.357859532
25/07/2024,Child,Clinical Immunology,420,205,131,53,809,2024,7,22.74412855
25/07/2024,Child,Dermatology,1885,834,438,632,3789,2024,7,28.23964107
25/07/2024,Child,Dental Surgery,249,79,72,40,440,2024,7,25.45454545
25/07/2024,Child,Clinical (Medical) Genetics,42,28,179,9,258,2024,7,72.86821705
25/07/2024,Child,Cardiology,4,20,2,0,26,2024,7,7.692307692
25/07/2024,Child,Cardio-Thoracic Surgery,72,14,2,0,88,2024,7,2.272727273
25/07/2024,Adult,Vascular Surgery,8505,2052,1225,618,12400,2024,7,14.86290323
25/07/2024,Child,Paed Cardiology,2213,1313,1019,393,4937,2024,7,28.60036459
25/07/2024,Child,Developmental Paediatrics,382,241,105,226,954,2024,7,34.69601677
25/07/2024,Child,Paed Endocrinology,538,146,19,5,708,2024,7,3.389830508
25/07/2024,Child,Urology,940,455,262,194,1850,2024,7,24.64864865
25/07/2024,Child,Paed Haematology,257,48,2,0,307,2024,7,0.651465798
25/07/2024,Adult,Urology,13838,5704,2037,1556,23134,2024,7,15.5312527
25/07/2024,Child,Small Volume Specialties,504,116,21,11,652,2024,7,4.90797546
25/07/2024,Child,Rheumatology,322,117,121,363,923,2024,7,52.43770314
25/07/2024,Child,Plastic Surgery,767,178,80,107,1132,2024,7,16.51943463
25/07/2024,Child,Pain Relief,23,7,2,0,33,2024,7,6.060606061
25/07/2024,Child,Paediatrics,13785,4505,1612,423,20325,2024,7,10.01230012
25/07/2024,Child,Paediatric Urology,966,426,241,52,1685,2024,7,17.38872404
25/07/2024,Child,Paediatric Surgery,1460,691,469,152,2772,2024,7,22.4025974
25/07/2024,Child,Paediatric Respiratory Medicine,901,337,245,138,1622,2024,7,23.61282367
25/07/2024,Child,Paediatric Neurosurgery,34,2,0,2,38,2024,7,5.263157895
25/07/2024,Child,Paediatric Neurology,759,473,162,56,1450,2024,7,15.03448276
25/07/2024,Child,Paediatric Infectious Diseases,25,7,2,2,37,2024,7,10.81081081
25/07/2024,Child,Paediatric ENT,3369,1446,1328,1054,7197,2024,7,33.0971238
25/07/2024,Child,Paediatric Dermatology,2817,1630,1044,908,6399,2024,7,30.50476637
25/07/2024,Child,Paed Orthopaedic,1544,999,634,909,4086,2024,7,37.76309349
25/07/2024,Child,Paed Nephrology,293,168,96,33,590,2024,7,21.86440678
25/07/2024,Child,Paed Metabolic Medicine,56,0,0,0,56,2024,7,0
25/07/2024,Child,Paed Gastro-Enterol,469,132,134,142,877,2024,7,31.4709236
25/07/2024,Adult,Small Volume Specialties,549,68,17,6,639,2024,7,3.599374022
25/07/2024,Adult,Rheumatology,8394,2468,930,791,12583,2024,7,13.6771835
25/07/2024,Adult,Anaesthetics,59,0,0,0,59,2024,7,0
25/07/2024,Adult,Haematology,6456,2061,980,316,9813,2024,7,13.20697035
25/07/2024,Adult,Gynaecology,23849,4598,940,483,29870,2024,7,4.763977235
25/07/2024,Adult,Geriatric Medicine,3837,380,125,82,4423,2024,7,4.680081393
25/07/2024,Adult,General Surgery,25849,5123,1245,236,32452,2024,7,4.563663257
25/07/2024,Adult,General Medicine,8172,2666,806,923,12568,2024,7,13.75716104
25/07/2024,Adult,Gastro-Intestinal Surgery,600,74,22,0,696,2024,7,3.16091954
25/07/2024,Adult,Endocrinology,8921,3554,2081,4606,19161,2024,7,34.89901362
25/07/2024,Adult,Diabetes Mellitus,1355,543,110,7,2015,2024,7,5.806451613
25/07/2024,Adult,Dermatology,30633,13081,5618,6248,55580,2024,7,21.34940626
25/07/2024,Adult,Clinical Neurophysiology,860,473,234,31,1598,2024,7,16.58322904
25/07/2024,Adult,Clinical Immunology,1717,887,470,266,3340,2024,7,22.03592814
25/07/2024,Adult,Clinical (Medical) Genetics,796,481,626,666,2569,2024,7,50.29194239
25/07/2024,Adult,Chemical Pathology,54,15,2,0,71,2024,7,2.816901408
25/07/2024,Adult,Cardiology,24210,10514,3764,1722,40210,2024,7,13.6433723
25/07/2024,Adult,Cardio-Thoracic Surgery,389,30,4,6,430,2024,7,2.325581395
25/07/2024,Adult,Breast Surgery,2595,66,0,0,2661,2024,7,0
25/07/2024,Adult,Respiratory Medicine,13710,5715,2580,2303,24308,2024,7,20.08803686
25/07/2024,Adult,Hepato-Biliary Surgery,90,34,5,0,129,2024,7,3.875968992
25/07/2024,Adult,Infectious Diseases,819,236,252,380,1687,2024,7,37.46295199
25/07/2024,Adult,Gastro-Enterology,12630,3849,1383,358,18221,2024,7,9.554909171
25/07/2024,Adult,Metabolic Medicine,119,24,0,0,143,2024,7,0
25/07/2024,Adult,Maxillo-Facial,2271,379,220,142,3012,2024,7,12.0185923
25/07/2024,Adult,Plastic Surgery,7948,2258,990,1897,13093,2024,7,22.04995036
25/07/2024,Adult,Pathology,69,45,21,51,186,2024,7,38.70967742
25/07/2024,Adult,Palliative Medicine,22,0,0,0,22,2024,7,0
25/07/2024,Adult,Pain Relief,7423,3500,1936,1691,14550,2024,7,24.92783505
25/07/2024,Adult,Paediatrics,62,67,32,2,163,2024,7,20.85889571
25/07/2024,Adult,Paediatric Neurology,5,5,15,2,26,2024,7,65.38461538
25/07/2024,Adult,Paediatric Dermatology,11,10,2,0,23,2024,7,8.695652174
25/07/2024,Adult,Paed Cardiology,10,7,6,0,23,2024,7,26.08695652
25/07/2024,Adult,Psychiatry,443,49,2,0,494,2024,7,0.4048583
25/07/2024,Adult,Orthopaedics,38763,16674,6852,4044,66333,2024,7,16.4262132
25/07/2024,Adult,Ophthalmology,17217,6899,4344,5165,33626,2024,7,28.2787129
25/07/2024,Adult,Oncology,595,13,4,0,612,2024,7,0.653594771
25/07/2024,Adult,Neurosurgery,4679,2520,1424,2743,11366,2024,7,36.66197431
25/07/2024,Adult,Neurology,11649,5440,2732,2750,22571,2024,7,24.28780293
25/07/2024,Adult,Nephrology,3039,703,301,133,4176,2024,7,10.39272031
25/07/2024,Adult,Microbiology,23,0,0,0,23,2024,7,0
25/07/2024,Adult,Otolaryngology (ENT),21354,8471,3429,3118,36372,2024,7,18.00010997
29/08/2024,Child,Otolaryngology (ENT),5417,2437,925,433,9210,2024,8,14.74484256
29/08/2024,Child,Orthopaedics,1341,486,280,392,2498,2024,8,26.90152122
29/08/2024,Child,Ophthalmology,1886,860,431,451,3628,2024,8,24.3109151
29/08/2024,Child,Maxillo-Facial,295,31,14,4,343,2024,8,5.247813411
29/08/2024,Child,Immunology,216,83,36,6,341,2024,8,12.31671554
29/08/2024,Child,Gynaecology,371,148,60,22,602,2024,8,13.62126246
29/08/2024,Child,General Surgery,827,302,62,19,1210,2024,8,6.694214876
29/08/2024,Child,Developmental Paediatrics,392,261,105,212,970,2024,8,32.68041237
29/08/2024,Child,Clinical (Medical) Genetics,42,10,98,9,159,2024,8,67.29559748
29/08/2024,Child,Dental Surgery,243,79,77,46,445,2024,8,27.64044944
29/08/2024,Child,Clinical Immunology,431,232,121,50,834,2024,8,20.50359712
29/08/2024,Child,Cardiology,10,15,4,0,29,2024,8,13.79310345
29/08/2024,Child,Cardio-Thoracic Surgery,83,8,0,0,91,2024,8,0
29/08/2024,Adult,Vascular Surgery,8590,2131,1250,623,12594,2024,8,14.87216135
29/08/2024,Adult,Urology,13826,5906,2065,1489,23286,2024,8,15.26238942
29/08/2024,Child,Paed Cardiology,2160,1324,957,274,4715,2024,8,26.10816543
29/08/2024,Child,Dermatology,1881,926,468,647,3920,2024,8,28.44387755
29/08/2024,Child,Paed Endocrinology,556,181,22,11,770,2024,8,4.285714286
29/08/2024,Adult,Small Volume Specialties,561,67,11,8,647,2024,8,2.936630603
29/08/2024,Child,Paed Haematology,236,53,4,0,293,2024,8,1.365187713
29/08/2024,Child,Urology,900,503,268,189,1860,2024,8,24.56989247
29/08/2024,Child,Small Volume Specialties,526,118,37,12,694,2024,8,7.060518732
29/08/2024,Child,Rheumatology,318,137,111,359,925,2024,8,50.81081081
29/08/2024,Child,Plastic Surgery,766,196,74,110,1146,2024,8,16.05584642
29/08/2024,Child,Pain Relief,21,8,0,0,29,2024,8,0
29/08/2024,Child,Paediatrics,13335,4567,1579,489,19970,2024,8,10.3555333
29/08/2024,Child,Paediatric Urology,966,534,199,61,1760,2024,8,14.77272727
29/08/2024,Child,Paediatric Surgery,1463,643,444,152,2702,2024,8,22.05773501
29/08/2024,Child,Paediatric Respiratory Medicine,918,378,241,132,1669,2024,8,22.3487118
29/08/2024,Child,Paediatric Neurosurgery,41,4,0,0,45,2024,8,0
29/08/2024,Child,Paediatric Neurology,724,503,198,67,1492,2024,8,17.7613941
29/08/2024,Child,Paediatric Infectious Diseases,35,7,2,2,47,2024,8,8.510638298
29/08/2024,Child,Paediatric ENT,3107,1636,1254,978,6975,2024,8,32
29/08/2024,Child,Paediatric Dermatology,2810,1695,1047,971,6523,2024,8,30.93668557
29/08/2024,Child,Paed Orthopaedic,1651,939,636,890,4116,2024,8,37.07482993
29/08/2024,Child,Paed Nephrology,279,170,103,53,605,2024,8,25.78512397
29/08/2024,Child,Paed Metabolic Medicine,51,2,0,0,53,2024,8,0
29/08/2024,Child,Paed Gastro-Enterol,517,133,123,161,934,2024,8,30.40685225
29/08/2024,Adult,Rheumatology,8879,3159,825,793,13656,2024,8,11.84827182
29/08/2024,Adult,Respiratory Medicine,13485,6169,2592,2423,24669,2024,8,20.32915805
29/08/2024,Adult,Radiotherapy,29,0,0,0,29,2024,8,0
29/08/2024,Adult,Gynaecology,23949,4821,951,506,30227,2024,8,4.820193866
29/08/2024,Adult,Geriatric Medicine,3778,370,114,74,4336,2024,8,4.335793358
29/08/2024,Adult,General Surgery,25474,5241,1270,202,32187,2024,8,4.573274925
29/08/2024,Adult,General Medicine,8196,2665,756,969,12586,2024,8,13.70570475
29/08/2024,Adult,Gastro-Intestinal Surgery,611,83,23,1,718,2024,8,3.342618384
29/08/2024,Adult,Gastro-Enterology,12785,3792,1317,317,18211,2024,8,8.972598979
29/08/2024,Adult,Diabetes Mellitus,1319,590,134,8,2052,2024,8,6.920077973
29/08/2024,Adult,Haematology,6389,2182,1015,342,9929,2024,8,13.66703596
29/08/2024,Adult,Dermatology,31008,13253,5986,5891,56138,2024,8,21.15679219
29/08/2024,Adult,Clinical Immunology,1661,922,483,295,3361,2024,8,23.14787266
29/08/2024,Adult,Clinical (Medical) Genetics,869,504,553,687,2613,2024,8,47.45503253
29/08/2024,Adult,Chemical Pathology,51,11,0,0,62,2024,8,0
29/08/2024,Adult,Cardiology,23566,10730,3586,1731,39613,2024,8,13.42236135
29/08/2024,Adult,Cardio-Thoracic Surgery,380,38,4,6,428,2024,8,2.336448598
29/08/2024,Adult,Breast Surgery,2288,16,0,0,2304,2024,8,0
29/08/2024,Adult,Anaesthetics,54,0,0,0,54,2024,8,0
29/08/2024,Adult,Clinical Neurophysiology,806,408,194,21,1429,2024,8,15.04548635
29/08/2024,Adult,Hepato-Biliary Surgery,92,37,4,0,133,2024,8,3.007518797
29/08/2024,Adult,Endocrinology,9012,3692,2016,4693,19413,2024,8,34.55931592
29/08/2024,Adult,Maxillo-Facial,2192,373,203,141,2910,2024,8,11.82130584
29/08/2024,Adult,Infectious Diseases,880,214,258,334,1686,2024,8,35.11269276
29/08/2024,Adult,Plastic Surgery,8411,2342,1020,1918,13692,2024,8,21.45778557
29/08/2024,Adult,Pathology,62,45,21,53,181,2024,8,40.8839779
29/08/2024,Adult,Pain Relief,7234,3848,1901,1614,14596,2024,8,24.08194026
29/08/2024,Adult,Paediatrics,70,60,29,4,163,2024,8,20.24539877
29/08/2024,Adult,Paediatric Neurology,6,4,16,7,32,2024,8,71.875
29/08/2024,Adult,Paediatric Dermatology,3,15,2,0,20,2024,8,10
29/08/2024,Adult,Paed Cardiology,13,11,2,0,26,2024,8,7.692307692
29/08/2024,Adult,Otolaryngology (ENT),21143,8957,3330,3058,36488,2024,8,17.50712563
29/08/2024,Adult,Psychiatry,409,73,4,0,486,2024,8,0.823045267
29/08/2024,Adult,Ophthalmology,17287,7214,4529,5354,34384,2024,8,28.74302001
29/08/2024,Adult,Oncology,652,17,4,0,672,2024,8,0.595238095
29/08/2024,Adult,Neurosurgery,4577,2681,1437,2832,11527,2024,8,37.03478789
29/08/2024,Adult,Neurology,11447,5712,2883,2789,22831,2024,8,24.84341466
29/08/2024,Adult,Nephrology,3009,749,310,168,4237,2024,8,11.28156715
29/08/2024,Adult,Microbiology,26,0,0,0,26,2024,8,0
29/08/2024,Adult,Metabolic Medicine,98,22,0,0,120,2024,8,0
29/08/2024,Adult,Orthopaedics,38219,16396,6795,3724,65134,2024,8,16.14978352
26/09/2024,Child,Paed Cardiology,2000,1336,928,214,4479,2024,9,25.49676267
26/09/2024,Child,Gynaecology,392,157,58,19,625,2024,9,12.32
26/09/2024,Child,Immunology,198,76,34,14,322,2024,9,14.9068323
26/09/2024,Child,Otolaryngology (ENT),4970,2534,861,424,8789,2024,9,14.62054841
26/09/2024,Child,Ophthalmology,1884,855,416,477,3632,2024,9,24.58700441
26/09/2024,Child,Orthopaedics,1357,489,232,368,2446,2024,9,24.52984464
26/09/2024,Child,General Surgery,828,281,69,9,1187,2024,9,6.571187869
26/09/2024,Child,Maxillo-Facial,258,32,14,25,328,2024,9,11.8902439
26/09/2024,Child,Developmental Paediatrics,348,263,117,210,938,2024,9,34.86140725
26/09/2024,Child,Clinical (Medical) Genetics,46,4,64,12,126,2024,9,60.31746032
26/09/2024,Child,Dental Surgery,236,96,62,57,451,2024,9,26.38580931
26/09/2024,Child,Clinical Immunology,409,240,133,44,826,2024,9,21.42857143
26/09/2024,Child,Cardiology,9,18,5,2,33,2024,9,21.21212121
26/09/2024,Child,Cardio-Thoracic Surgery,58,2,2,0,62,2024,9,3.225806452
26/09/2024,Adult,Vascular Surgery,8749,2024,1203,637,12613,2024,9,14.58812336
26/09/2024,Adult,Urology,13466,5851,1968,1494,22779,2024,9,15.19820888
26/09/2024,Adult,Small Volume Specialties,548,84,19,12,663,2024,9,4.67571644
26/09/2024,Child,Dermatology,1711,954,456,634,3755,2024,9,29.02796272
26/09/2024,Child,Paed Endocrinology,553,180,24,10,767,2024,9,4.43285528
26/09/2024,Child,Urology,883,504,281,162,1830,2024,9,24.20765027
26/09/2024,Child,Paed Haematology,250,44,0,0,294,2024,9,0
26/09/2024,Adult,Rheumatology,8640,2913,818,772,13143,2024,9,12.09769459
26/09/2024,Child,Small Volume Specialties,489,124,29,14,656,2024,9,6.554878049
26/09/2024,Child,Rheumatology,322,143,101,362,928,2024,9,49.89224138
26/09/2024,Child,Plastic Surgery,793,184,74,116,1167,2024,9,16.28106255
26/09/2024,Child,Pain Relief,34,7,2,0,43,2024,9,4.651162791
26/09/2024,Child,Paediatrics,12912,4713,1578,507,19710,2024,9,10.57838661
26/09/2024,Child,Paediatric Urology,1018,608,220,38,1884,2024,9,13.69426752
26/09/2024,Child,Paediatric Surgery,1489,595,459,108,2651,2024,9,21.38815541
26/09/2024,Child,Paediatric Respiratory Medicine,882,429,204,143,1658,2024,9,20.92882992
26/09/2024,Child,Paediatric Neurosurgery,48,4,0,0,52,2024,9,0
26/09/2024,Child,Paediatric Neurology,721,515,224,80,1540,2024,9,19.74025974
26/09/2024,Child,Paediatric Infectious Diseases,27,11,0,2,40,2024,9,5
26/09/2024,Child,Paediatric ENT,2910,1791,1141,1101,6943,2024,9,32.29151664
26/09/2024,Child,Paediatric Dermatology,2803,1653,1063,863,6382,2024,9,30.17862739
26/09/2024,Child,Paed Orthopaedic,1659,788,692,869,4008,2024,9,38.94710579
26/09/2024,Child,Paed Nephrology,264,185,104,57,610,2024,9,26.39344262
26/09/2024,Child,Paed Metabolic Medicine,41,0,0,0,41,2024,9,0
26/09/2024,Child,Paed Gastro-Enterol,544,108,121,141,914,2024,9,28.66520788
26/09/2024,Adult,Respiratory Medicine,13299,6346,2506,2432,24582,2024,9,20.08786917
26/09/2024,Adult,Radiotherapy,20,0,0,0,20,2024,9,0
26/09/2024,Adult,Psychiatry,381,70,6,0,456,2024,9,1.315789474
26/09/2024,Adult,Gynaecology,23742,4876,920,465,30004,2024,9,4.616051193
26/09/2024,Adult,Geriatric Medicine,3779,404,99,69,4352,2024,9,3.860294118
26/09/2024,Adult,General Surgery,24876,4983,1348,139,31347,2024,9,4.743675631
26/09/2024,Adult,General Medicine,8103,2698,730,965,12497,2024,9,13.56325518
26/09/2024,Adult,Gastro-Intestinal Surgery,527,96,12,0,635,2024,9,1.88976378
26/09/2024,Adult,Gastro-Enterology,12483,3965,1251,296,17995,2024,9,8.596832453
26/09/2024,Adult,Endocrinology,9056,3599,2021,4781,19457,2024,9,34.95914067
26/09/2024,Adult,Haematology,6259,2251,1030,334,9873,2024,9,13.81545629
26/09/2024,Adult,Diabetes Mellitus,1257,571,162,13,2003,2024,9,8.736894658
26/09/2024,Adult,Clinical Neurophysiology,852,386,165,23,1426,2024,9,13.18373072
26/09/2024,Adult,Clinical Immunology,1631,973,531,320,3455,2024,9,24.63096961
26/09/2024,Adult,Clinical (Medical) Genetics,883,532,477,728,2620,2024,9,45.99236641
26/09/2024,Adult,Chemical Pathology,42,19,0,0,61,2024,9,0
26/09/2024,Adult,Cardiology,23930,10558,3461,1801,39750,2024,9,13.23773585
26/09/2024,Adult,Cardio-Thoracic Surgery,378,43,4,7,431,2024,9,2.552204176
26/09/2024,Adult,Breast Surgery,2100,11,4,2,2116,2024,9,0.283553875
26/09/2024,Adult,Dermatology,31405,12960,5811,5577,55753,2024,9,20.42580668
26/09/2024,Adult,Hepato-Biliary Surgery,84,39,3,2,128,2024,9,3.90625
26/09/2024,Adult,Anaesthetics,49,0,0,0,49,2024,9,0
26/09/2024,Adult,Maxillo-Facial,2154,332,197,132,2814,2024,9,11.69154229
26/09/2024,Adult,Plastic Surgery,8369,2213,1200,1917,13699,2024,9,22.75348566
26/09/2024,Adult,Pathology,69,53,17,54,193,2024,9,36.78756477
26/09/2024,Adult,Pain Relief,7160,3914,1895,1408,14377,2024,9,22.97419489
26/09/2024,Adult,Paediatrics,67,62,31,2,162,2024,9,20.37037037
26/09/2024,Adult,Paediatric Neurology,6,2,12,10,30,2024,9,73.33333333
26/09/2024,Adult,Infectious Diseases,871,218,248,273,1610,2024,9,32.36024845
26/09/2024,Adult,Paed Cardiology,11,9,2,0,22,2024,9,9.090909091
26/09/2024,Adult,Otolaryngology (ENT),21120,9017,3299,2923,36358,2024,9,17.11315254
26/09/2024,Adult,Paediatric Dermatology,7,14,2,0,22,2024,9,9.090909091
26/09/2024,Adult,Ophthalmology,17038,7133,4457,5423,34051,2024,9,29.01530058
26/09/2024,Adult,Oncology,671,19,6,0,696,2024,9,0.862068966
26/09/2024,Adult,Obstetrics,67,0,0,0,67,2024,9,0
26/09/2024,Adult,Neurosurgery,4299,2780,1356,2704,11139,2024,9,36.44851423
26/09/2024,Adult,Neurology,11349,5733,2916,2682,22680,2024,9,24.68253968
26/09/2024,Adult,Nephrology,2976,781,267,168,4192,2024,9,10.3769084
26/09/2024,Adult,Microbiology,24,0,0,0,24,2024,9,0
26/09/2024,Adult,Metabolic Medicine,98,14,2,0,114,2024,9,1.754385965
26/09/2024,Adult,Orthopaedics,38799,16083,6433,3682,64997,2024,9,15.56225672
31/10/2024,Child,Otolaryngology (ENT),4834,2661,810,505,8810,2024,10,14.9262202
31/10/2024,Child,Orthopaedics,1385,426,201,377,2388,2024,10,24.20435511
31/10/2024,Child,Ophthalmology,1924,780,405,487,3596,2024,10,24.80533927
31/10/2024,Child,Maxillo-Facial,252,33,13,2,300,2024,10,5
31/10/2024,Child,Immunology,257,69,30,21,377,2024,10,13.52785146
31/10/2024,Child,Gynaecology,435,166,58,2,661,2024,10,9.077155825
31/10/2024,Child,General Surgery,803,260,59,4,1126,2024,10,5.595026643
31/10/2024,Adult,Urology,13972,5726,1934,1368,23000,2024,10,14.35652174
31/10/2024,Child,Dermatology,1740,986,447,636,3809,2024,10,28.43265949
31/10/2024,Child,Dental Surgery,219,112,63,58,452,2024,10,26.7699115
31/10/2024,Child,Clinical Immunology,378,186,105,45,714,2024,10,21.00840336
31/10/2024,Child,Clinical (Medical) Genetics,55,7,31,13,106,2024,10,41.50943396
31/10/2024,Child,Cardiology,11,18,5,0,34,2024,10,14.70588235
31/10/2024,Child,Cardio-Thoracic Surgery,51,4,2,0,57,2024,10,3.50877193
31/10/2024,Adult,Vascular Surgery,8756,2096,1187,734,12773,2024,10,15.03953652
31/10/2024,Child,Paed Cardiology,1966,1310,750,162,4188,2024,10,21.7765043
31/10/2024,Child,Developmental Paediatrics,371,254,120,184,929,2024,10,32.72335845
31/10/2024,Child,Paed Endocrinology,537,173,33,9,752,2024,10,5.585106383
31/10/2024,Child,Paediatric Neurology,755,521,253,99,1628,2024,10,21.62162162
31/10/2024,Child,Paed Haematology,231,43,0,0,274,2024,10,0
31/10/2024,Adult,Small Volume Specialties,452,101,26,5,583,2024,10,5.317324185
31/10/2024,Child,Urology,902,501,290,162,1855,2024,10,24.36657682
31/10/2024,Child,Small Volume Specialties,459,124,43,18,644,2024,10,9.472049689
31/10/2024,Child,Rheumatology,330,140,100,362,932,2024,10,49.57081545
31/10/2024,Child,Pain Relief,27,10,2,0,39,2024,10,5.128205128
31/10/2024,Child,Paediatrics,12371,4693,1546,579,19189,2024,10,11.07405284
31/10/2024,Child,Paediatric Urology,1052,644,221,22,1939,2024,10,12.53223311
31/10/2024,Child,Paed Gastro-Enterol,515,125,89,149,878,2024,10,27.1070615
31/10/2024,Child,Paediatric Surgery,1423,570,351,97,2441,2024,10,18.35313396
31/10/2024,Child,Paediatric Neurosurgery,68,2,0,0,70,2024,10,0
31/10/2024,Child,Paediatric Infectious Diseases,46,12,0,2,60,2024,10,3.333333333
31/10/2024,Child,Paediatric ENT,2745,1942,962,1087,6736,2024,10,30.41864608
31/10/2024,Child,Paediatric Dermatology,2714,1686,1006,800,6206,2024,10,29.10087013
31/10/2024,Child,Paed Orthopaedic,1578,707,625,838,3748,2024,10,39.03415155
31/10/2024,Child,Paed Nephrology,252,167,102,59,580,2024,10,27.75862069
31/10/2024,Child,Paed Metabolic Medicine,32,0,0,0,32,2024,10,0
31/10/2024,Child,Paediatric Respiratory Medicine,847,461,175,152,1635,2024,10,20
31/10/2024,Adult,Rheumatology,8247,2595,810,668,12320,2024,10,11.99675325
31/10/2024,Child,Plastic Surgery,816,188,77,109,1190,2024,10,15.6302521
31/10/2024,Adult,Radiotherapy,24,0,0,0,24,2024,10,0
31/10/2024,Adult,Geriatric Medicine,3621,445,88,80,4234,2024,10,3.967879074
31/10/2024,Adult,General Surgery,24260,4738,1088,136,30222,2024,10,4.05002978
31/10/2024,Adult,General Medicine,7623,2574,646,826,11670,2024,10,12.61353899
31/10/2024,Adult,Gastro-Intestinal Surgery,440,130,0,0,570,2024,10,0
31/10/2024,Adult,Gastro-Enterology,12542,3940,1183,245,17911,2024,10,7.972754173
31/10/2024,Adult,Endocrinology,9302,3759,1937,4869,19866,2024,10,34.25953891
31/10/2024,Adult,Diabetes Mellitus,1385,566,143,15,2109,2024,10,7.491702229
31/10/2024,Adult,Gynaecology,24518,4914,822,498,30751,2024,10,4.292543332
31/10/2024,Adult,Dermatology,30311,12863,5566,5446,54186,2024,10,20.32259255
31/10/2024,Adult,Clinical Immunology,1672,1006,604,331,3613,2024,10,25.8787711
31/10/2024,Adult,Clinical (Medical) Genetics,851,528,476,688,2543,2024,10,45.7727094
31/10/2024,Adult,Chemical Pathology,61,21,0,0,82,2024,10,0
31/10/2024,Adult,Cardiology,23397,10602,3383,1926,39307,2024,10,13.50650011
31/10/2024,Adult,Respiratory Medicine,13019,6515,2410,2341,24285,2024,10,19.56351657
31/10/2024,Adult,Cardio-Thoracic Surgery,380,47,6,8,441,2024,10,3.174603175
31/10/2024,Adult,Breast Surgery,2190,26,2,2,2220,2024,10,0.18018018
31/10/2024,Adult,Clinical Neurophysiology,830,371,139,19,1359,2024,10,11.62619573
31/10/2024,Adult,Haematology,6412,2310,979,355,10056,2024,10,13.26571201
31/10/2024,Adult,Anaesthetics,73,2,0,0,75,2024,10,0
31/10/2024,Adult,Infectious Diseases,1076,231,153,184,1644,2024,10,20.49878345
31/10/2024,Adult,Psychiatry,445,79,7,0,531,2024,10,1.31826742
31/10/2024,Adult,Plastic Surgery,8079,2073,1181,2304,13637,2024,10,25.55547408
31/10/2024,Adult,Pathology,62,45,25,56,188,2024,10,43.08510638
31/10/2024,Adult,Pain Relief,7044,4116,1830,1561,14551,2024,10,23.30424026
31/10/2024,Adult,Paediatrics,43,59,33,8,141,2024,10,29.07801418
31/10/2024,Adult,Hepato-Biliary Surgery,99,31,3,2,135,2024,10,3.703703704
31/10/2024,Adult,Paed Cardiology,11,11,0,0,22,2024,10,0
31/10/2024,Adult,Otolaryngology (ENT),21047,8772,3317,2604,35739,2024,10,16.5673354
31/10/2024,Adult,Paediatric Neurology,4,4,13,14,35,2024,10,77.14285714
31/10/2024,Adult,Ophthalmology,17646,7047,4362,5382,34437,2024,10,28.29514766
31/10/2024,Adult,Oncology,680,10,4,2,696,2024,10,0.862068966
31/10/2024,Adult,Neurosurgery,4269,2906,1359,2721,11255,2024,10,36.25055531
31/10/2024,Adult,Neurology,11237,5653,2770,2430,22090,2024,10,23.54006338
31/10/2024,Adult,Nephrology,2884,793,215,166,4058,2024,10,9.388861508
31/10/2024,Adult,Microbiology,20,0,0,0,20,2024,10,0
31/10/2024,Adult,Metabolic Medicine,117,11,2,2,132,2024,10,3.03030303
31/10/2024,Adult,Maxillo-Facial,2174,229,102,59,2564,2024,10,6.27925117
31/10/2024,Adult,Orthopaedics,38837,15759,6073,3423,64093,2024,10,14.81597054
28/11/2024,Child,Otolaryngology (ENT),4402,2807,740,541,8490,2024,11,15.08833922
28/11/2024,Child,Orthopaedics,1331,414,187,371,2302,2024,11,24.23979149
28/11/2024,Child,Ophthalmology,1818,728,407,475,3428,2024,11,25.72928821
28/11/2024,Child,Maxillo-Facial,267,37,5,9,317,2024,11,4.416403785
28/11/2024,Child,Immunology,231,86,28,27,372,2024,11,14.78494624
28/11/2024,Child,Gynaecology,322,143,64,2,531,2024,11,12.42937853
28/11/2024,Child,General Surgery,837,257,58,5,1157,2024,11,5.445116681
28/11/2024,Adult,Urology,14195,5202,1548,1289,22234,2024,11,12.75973734
28/11/2024,Child,Dermatology,1729,1009,442,660,3839,2024,11,28.70539203
28/11/2024,Child,Dental Surgery,180,112,66,60,418,2024,11,30.14354067
28/11/2024,Child,Clinical Immunology,343,198,117,40,698,2024,11,22.49283668
28/11/2024,Child,Clinical (Medical) Genetics,39,4,19,12,74,2024,11,41.89189189
28/11/2024,Child,Cardiology,15,12,2,0,29,2024,11,6.896551724
28/11/2024,Child,Cardio-Thoracic Surgery,39,2,2,0,43,2024,11,4.651162791
28/11/2024,Adult,Vascular Surgery,8622,2215,1049,663,12549,2024,11,13.64252132
28/11/2024,Child,Paed Cardiology,2018,1243,668,62,3990,2024,11,18.29573935
28/11/2024,Child,Developmental Paediatrics,346,256,132,136,870,2024,11,30.8045977
28/11/2024,Child,Paed Endocrinology,519,182,31,8,740,2024,11,5.27027027
28/11/2024,Child,Paediatric Neurosurgery,59,4,0,0,63,2024,11,0
28/11/2024,Child,Paed Haematology,236,42,0,0,278,2024,11,0
28/11/2024,Adult,Small Volume Specialties,456,92,22,7,576,2024,11,5.034722222
28/11/2024,Child,Urology,911,508,255,140,1814,2024,11,21.77508269
28/11/2024,Child,Small Volume Specialties,566,123,30,10,728,2024,11,5.494505495
28/11/2024,Child,Rheumatology,303,142,82,306,833,2024,11,46.57863145
28/11/2024,Child,Plastic Surgery,810,182,71,103,1167,2024,11,14.91002571
28/11/2024,Child,Pain Relief,15,13,2,0,30,2024,11,6.666666667
28/11/2024,Child,Paediatrics,11978,4444,1547,501,18470,2024,11,11.08825122
28/11/2024,Child,Paediatric Urology,1110,655,214,21,2000,2024,11,11.75
28/11/2024,Child,Paediatric Surgery,1397,506,296,65,2264,2024,11,15.94522968
28/11/2024,Child,Paediatric Respiratory Medicine,841,473,170,146,1630,2024,11,19.38650307
28/11/2024,Child,Paediatric Neurology,733,505,273,119,1630,2024,11,24.04907975
28/11/2024,Child,Paediatric Infectious Diseases,33,12,2,2,49,2024,11,8.163265306
28/11/2024,Child,Paediatric ENT,2569,1994,724,968,6255,2024,11,27.05035971
28/11/2024,Child,Paediatric Dermatology,2621,1759,929,765,6074,2024,11,27.8893645
28/11/2024,Child,Paed Orthopaedic,1714,701,569,789,3773,2024,11,35.99257885
28/11/2024,Child,Paed Nephrology,267,145,108,57,577,2024,11,28.59618718
28/11/2024,Child,Paed Metabolic Medicine,34,2,0,0,36,2024,11,0
28/11/2024,Child,Paed Gastro-Enterol,590,127,61,143,921,2024,11,22.14983713
28/11/2024,Adult,Rheumatology,8383,2575,722,583,12262,2024,11,10.64263579
28/11/2024,Adult,Respiratory Medicine,13253,6495,2431,2162,24341,2024,11,18.86939731
28/11/2024,Adult,Radiotherapy,23,0,0,0,23,2024,11,0
28/11/2024,Adult,Gynaecology,23951,4510,777,372,29611,2024,11,3.880314748
28/11/2024,Adult,Geriatric Medicine,3487,406,48,40,3981,2024,11,2.210499874
28/11/2024,Adult,General Surgery,24700,4495,983,110,30287,2024,11,3.60880906
28/11/2024,Adult,General Medicine,7248,2392,562,758,10960,2024,11,12.04379562
28/11/2024,Adult,Gastro-Intestinal Surgery,358,147,4,0,509,2024,11,0.785854617
28/11/2024,Adult,Gastro-Enterology,12599,3762,1149,250,17761,2024,11,7.876808738
28/11/2024,Adult,Endocrinology,9286,3609,1812,4976,19683,2024,11,34.48661281
28/11/2024,Adult,Haematology,6232,2235,901,321,9690,2024,11,12.61093911
28/11/2024,Adult,Diabetes Mellitus,1343,529,142,13,2027,2024,11,7.646768624
28/11/2024,Adult,Clinical Neurophysiology,842,348,150,19,1360,2024,11,12.42647059
28/11/2024,Adult,Clinical Immunology,1681,1034,565,318,3597,2024,11,24.54823464
28/11/2024,Adult,Clinical (Medical) Genetics,887,525,456,703,2571,2024,11,45.07973551
28/11/2024,Adult,Chemical Pathology,61,21,2,0,84,2024,11,2.380952381
28/11/2024,Adult,Cardiology,22871,10011,2628,1786,37296,2024,11,11.83504934
28/11/2024,Adult,Cardio-Thoracic Surgery,363,34,10,7,414,2024,11,4.106280193
28/11/2024,Adult,Breast Surgery,2183,27,0,2,2212,2024,11,0.090415913
28/11/2024,Adult,Dermatology,29363,12256,5578,5187,52384,2024,11,20.55016799
28/11/2024,Adult,Hepato-Biliary Surgery,91,32,2,2,127,2024,11,3.149606299
28/11/2024,Adult,Anaesthetics,60,2,0,0,62,2024,11,0
28/11/2024,Adult,Maxillo-Facial,2120,240,95,80,2535,2024,11,6.903353057
28/11/2024,Adult,Psychiatry,466,74,4,0,543,2024,11,0.73664825
28/11/2024,Adult,Plastic Surgery,7978,1990,954,2333,13255,2024,11,24.79818936
28/11/2024,Adult,Pathology,61,41,30,53,185,2024,11,44.86486486
28/11/2024,Adult,Pain Relief,7210,4043,1837,1490,14580,2024,11,22.81893004
28/11/2024,Adult,Infectious Diseases,973,235,113,188,1509,2024,11,19.94698476
28/11/2024,Adult,Paediatric Neurology,2,4,9,19,35,2024,11,80
28/11/2024,Adult,Paed Cardiology,9,11,0,0,20,2024,11,0
28/11/2024,Adult,Otolaryngology (ENT),20790,7755,3113,2411,34068,2024,11,16.21462956
28/11/2024,Adult,Paediatrics,42,53,34,11,141,2024,11,31.91489362
28/11/2024,Adult,Ophthalmology,17681,6997,4302,5320,34300,2024,11,28.05247813
28/11/2024,Adult,Oncology,621,10,0,0,631,2024,11,0
28/11/2024,Adult,Neurosurgery,4290,2642,1260,2565,10757,2024,11,35.55824115
28/11/2024,Adult,Neurology,11104,5416,2712,2315,21547,2024,11,23.33039402
28/11/2024,Adult,Nephrology,2812,754,191,165,3922,2024,11,9.07700153
28/11/2024,Adult,Microbiology,20,0,0,0,20,2024,11,0
28/11/2024,Adult,Metabolic Medicine,87,28,2,0,117,2024,11,1.709401709
28/11/2024,Adult,Orthopaedics,38498,15150,5274,2820,61741,2024,11,13.10960302
19/12/2024,Child,Otolaryngology (ENT),4222,2716,753,499,8190,2024,12,15.28693529
19/12/2024,Child,Orthopaedics,1312,387,179,350,2227,2024,12,23.75392905
19/12/2024,Child,Ophthalmology,1807,687,384,460,3338,2024,12,25.28460156
19/12/2024,Child,Maxillo-Facial,242,40,10,8,300,2024,12,6
19/12/2024,Child,Immunology,202,93,29,28,352,2024,12,16.19318182
19/12/2024,Child,Haematology,19,2,0,0,20,2024,12,0
19/12/2024,Child,Gynaecology,326,138,67,0,530,2024,12,12.64150943
19/12/2024,Adult,Vascular Surgery,8389,2362,994,594,12340,2024,12,12.86871961
19/12/2024,Child,Developmental Paediatrics,378,221,139,125,863,2024,12,30.59096176
19/12/2024,Child,Dermatology,1670,976,466,641,3754,2024,12,29.48854555
19/12/2024,Child,Dental Surgery,180,123,56,67,426,2024,12,28.87323944
19/12/2024,Child,Clinical Immunology,405,195,120,45,765,2024,12,21.56862745
19/12/2024,Child,Clinical (Medical) Genetics,47,4,18,2,71,2024,12,28.16901408
19/12/2024,Child,Cardiology,13,11,2,0,26,2024,12,7.692307692
19/12/2024,Child,Cardio-Thoracic Surgery,43,0,0,0,43,2024,12,0
19/12/2024,Child,Paed Cardiology,2005,1212,452,21,3689,2024,12,12.82190295
19/12/2024,Child,General Surgery,820,250,49,2,1121,2024,12,4.549509367
19/12/2024,Child,Paed Endocrinology,522,181,31,2,736,2024,12,4.483695652
19/12/2024,Child,Paediatric Neurology,741,478,282,129,1630,2024,12,25.21472393
19/12/2024,Child,Paed Haematology,235,40,2,0,277,2024,12,0.722021661
19/12/2024,Adult,Urology,14029,4956,1473,1138,21596,2024,12,12.09020189
19/12/2024,Child,Small Volume Specialties,570,111,26,8,714,2024,12,4.761904762
19/12/2024,Child,Rheumatology,292,149,66,210,717,2024,12,38.49372385
19/12/2024,Child,Plastic Surgery,813,187,53,88,1141,2024,12,12.35758107
19/12/2024,Child,Pain Relief,24,17,2,0,43,2024,12,4.651162791
19/12/2024,Child,Paediatrics,11840,4262,1623,434,18159,2024,12,11.32771628
19/12/2024,Child,Paediatric Urology,1099,680,110,22,1911,2024,12,6.907378336
19/12/2024,Child,Paed Gastro-Enterol,563,118,57,144,882,2024,12,22.78911565
19/12/2024,Child,Paediatric Surgery,1356,444,186,5,1991,2024,12,9.593169262
19/12/2024,Child,Paediatric Neurosurgery,64,4,0,0,68,2024,12,0
19/12/2024,Child,Paediatric Infectious Diseases,25,7,2,2,36,2024,12,11.11111111
19/12/2024,Child,Paediatric ENT,2525,1983,744,861,6112,2024,12,26.25981675
19/12/2024,Child,Paediatric Dermatology,2608,1764,912,699,5983,2024,12,26.92629116
19/12/2024,Child,Paed Orthopaedic,1657,710,530,725,3622,2024,12,34.64936499
19/12/2024,Child,Paed Nephrology,268,137,99,59,563,2024,12,28.06394316
19/12/2024,Child,Paed Metabolic Medicine,36,2,0,0,38,2024,12,0
19/12/2024,Child,Paediatric Respiratory Medicine,886,488,148,134,1656,2024,12,17.02898551
19/12/2024,Adult,Small Volume Specialties,506,83,13,5,606,2024,12,2.97029703
19/12/2024,Child,Urology,940,521,194,112,1767,2024,12,17.31748727
19/12/2024,Adult,Respiratory Medicine,12960,6560,2351,2022,23894,2024,12,18.30166569
19/12/2024,Adult,Geriatric Medicine,3387,445,44,41,3916,2024,12,2.170582227
19/12/2024,Adult,General Surgery,24085,4103,688,72,28948,2024,12,2.625397264
19/12/2024,Adult,General Medicine,7001,2399,551,771,10722,2024,12,12.32978922
19/12/2024,Adult,Gastro-Intestinal Surgery,329,146,4,0,479,2024,12,0.835073069
19/12/2024,Adult,Gastro-Enterology,12295,3510,1088,249,17142,2024,12,7.799556644
19/12/2024,Adult,Endocrinology,8962,3533,1768,4996,19259,2024,12,35.12124202
19/12/2024,Adult,Diabetes Mellitus,1342,478,104,15,1939,2024,12,6.137184116
19/12/2024,Adult,Gynaecology,23475,4462,677,270,28884,2024,12,3.278631768
19/12/2024,Adult,Dermatology,28356,12276,5426,5027,51085,2024,12,20.46197514
19/12/2024,Adult,Clinical Immunology,1606,1058,537,278,3479,2024,12,23.42627192
19/12/2024,Adult,Clinical (Medical) Genetics,881,561,436,732,2610,2024,12,44.75095785
19/12/2024,Adult,Chemical Pathology,64,19,0,0,83,2024,12,0
19/12/2024,Adult,Cardiology,22803,9819,2335,1591,36548,2024,12,10.74203787
19/12/2024,Adult,Cardio-Thoracic Surgery,345,37,11,7,401,2024,12,4.488778055
19/12/2024,Adult,Breast Surgery,2065,23,2,0,2090,2024,12,0.09569378
19/12/2024,Adult,Anaesthetics,68,3,0,0,71,2024,12,0
19/12/2024,Adult,Clinical Neurophysiology,818,380,156,17,1371,2024,12,12.61852662
19/12/2024,Adult,Haematology,6295,2287,813,302,9698,2024,12,11.49721592
19/12/2024,Adult,Rheumatology,7947,2485,692,541,11665,2024,12,10.57008144
19/12/2024,Adult,Infectious Diseases,864,265,92,195,1416,2024,12,20.26836158
19/12/2024,Adult,Radiotherapy,29,0,0,0,29,2024,12,0
19/12/2024,Adult,Psychiatry,457,75,2,2,536,2024,12,0.746268657
19/12/2024,Adult,Plastic Surgery,7836,2065,815,2120,12836,2024,12,22.86537862
19/12/2024,Adult,Pathology,46,45,27,54,172,2024,12,47.09302326
19/12/2024,Adult,Hepato-Biliary Surgery,87,35,2,0,124,2024,12,1.612903226
19/12/2024,Adult,Paediatrics,44,57,39,9,149,2024,12,32.2147651
19/12/2024,Adult,Paediatric Neurology,4,4,2,23,33,2024,12,75.75757576
19/12/2024,Adult,Otolaryngology (ENT),20441,7315,2853,2260,32868,2024,12,15.55616405
19/12/2024,Adult,Pain Relief,7072,3990,1817,1457,14336,2024,12,22.83761161
19/12/2024,Adult,Ophthalmology,17742,6838,4128,4996,33704,2024,12,27.0709708
19/12/2024,Adult,Oncology,542,9,0,0,551,2024,12,0
19/12/2024,Adult,Neurosurgery,4712,2673,972,2366,10723,2024,12,31.12934813
19/12/2024,Adult,Neurology,10864,5359,2658,2270,21151,2024,12,23.29913479
19/12/2024,Adult,Nephrology,2754,711,154,167,3785,2024,12,8.480845443
19/12/2024,Adult,Metabolic Medicine,89,30,0,0,119,2024,12,0
19/12/2024,Adult,Maxillo-Facial,1947,234,77,45,2303,2024,12,5.297438124
19/12/2024,Adult,Orthopaedics,37294,15106,4882,2482,59764,2024,12,12.32179908
30/01/2025,Child,Paed Cardiology,2062,1251,241,10,3563,2025,1,7.044625316
30/01/2025,Child,Otolaryngology (ENT),4219,2764,792,484,8259,2025,1,15.44981233
30/01/2025,Child,Orthopaedics,1281,465,169,367,2282,2025,1,23.48816827
30/01/2025,Child,Ophthalmology,1840,647,392,433,3312,2025,1,24.90942029
30/01/2025,Child,Maxillo-Facial,285,47,11,8,350,2025,1,5.428571429
30/01/2025,Child,Immunology,208,104,25,31,368,2025,1,15.2173913
30/01/2025,Child,Haematology,27,3,0,0,30,2025,1,0
30/01/2025,Child,Cardio-Thoracic Surgery,41,2,0,0,43,2025,1,0
30/01/2025,Child,General Surgery,775,292,46,3,1116,2025,1,4.390681004
30/01/2025,Child,Developmental Paediatrics,358,204,125,107,794,2025,1,29.21914358
30/01/2025,Child,Dermatology,1702,980,454,626,3762,2025,1,28.70813397
30/01/2025,Child,Dental Surgery,166,132,45,71,414,2025,1,28.01932367
30/01/2025,Child,Clinical Immunology,379,217,121,50,767,2025,1,22.2946545
30/01/2025,Child,Clinical (Medical) Genetics,44,13,14,0,71,2025,1,19.71830986
30/01/2025,Child,Cardiology,11,3,12,0,27,2025,1,44.44444444
30/01/2025,Child,Paed Endocrinology,477,198,35,2,712,2025,1,5.196629213
30/01/2025,Child,Gynaecology,327,133,74,2,536,2025,1,14.17910448
30/01/2025,Child,Paed Gastro-Enterol,609,159,67,144,979,2025,1,21.5526047
30/01/2025,Child,Paediatric Neurosurgery,52,4,0,0,57,2025,1,0
30/01/2025,Child,Paed Metabolic Medicine,39,0,2,0,41,2025,1,4.87804878
30/01/2025,Adult,Vascular Surgery,8032,2749,983,814,12579,2025,1,14.28571429
30/01/2025,Child,Urology,934,588,209,131,1862,2025,1,18.25993555
30/01/2025,Child,Small Volume Specialties,535,98,29,10,672,2025,1,5.803571429
30/01/2025,Child,Rheumatology,279,162,69,197,707,2025,1,37.62376238
30/01/2025,Child,Plastic Surgery,783,219,46,100,1148,2025,1,12.71777003
30/01/2025,Child,Pain Relief,35,12,4,0,52,2025,1,7.692307692
30/01/2025,Child,Paediatrics,11797,4519,1749,390,18456,2025,1,11.58972692
30/01/2025,Child,Paed Haematology,262,52,0,0,314,2025,1,0
30/01/2025,Child,Paediatric Urology,1169,738,172,19,2098,2025,1,9.103908484
30/01/2025,Child,Paediatric Respiratory Medicine,849,515,169,134,1667,2025,1,18.17636473
30/01/2025,Child,Paediatric Neurology,721,451,330,156,1658,2025,1,29.31242461
30/01/2025,Child,Paediatric Infectious Diseases,44,7,2,2,56,2025,1,7.142857143
30/01/2025,Child,Paediatric ENT,2508,2001,858,899,6266,2025,1,28.04021704
30/01/2025,Child,Paediatric Dermatology,2530,1924,951,781,6186,2025,1,27.99870676
30/01/2025,Child,Paed Orthopaedic,1632,797,460,743,3632,2025,1,33.1222467
30/01/2025,Child,Paed Nephrology,283,145,92,74,594,2025,1,27.94612795
30/01/2025,Child,Paediatric Surgery,1242,418,118,2,1780,2025,1,6.741573034
30/01/2025,Adult,Urology,13849,5403,1492,1204,21949,2025,1,12.28301973
30/01/2025,Adult,Small Volume Specialties,554,84,16,2,655,2025,1,2.748091603
30/01/2025,Adult,Rheumatology,7657,2852,691,512,11711,2025,1,10.27239348
30/01/2025,Adult,Gynaecology,23129,5504,635,216,29485,2025,1,2.886213329
30/01/2025,Adult,Geriatric Medicine,3469,526,34,47,4077,2025,1,1.986754967
30/01/2025,Adult,General Surgery,25136,4699,776,96,30707,2025,1,2.839743381
30/01/2025,Adult,General Medicine,6821,2716,644,816,10997,2025,1,13.27634809
30/01/2025,Adult,Gastro-Intestinal Surgery,234,203,0,0,437,2025,1,0
30/01/2025,Adult,Gastro-Enterology,12251,3892,1169,318,17630,2025,1,8.43448667
30/01/2025,Adult,Diabetes Mellitus,1382,542,103,24,2051,2025,1,6.192101414
30/01/2025,Adult,Haematology,6284,2572,845,334,10035,2025,1,11.74887892
30/01/2025,Adult,Dermatology,27021,13237,5548,5059,50864,2025,1,20.85364895
30/01/2025,Adult,Clinical Immunology,1633,1133,594,315,3675,2025,1,24.73469388
30/01/2025,Adult,Clinical (Medical) Genetics,878,596,393,757,2624,2025,1,43.82621951
30/01/2025,Adult,Chemical Pathology,50,32,2,0,84,2025,1,2.380952381
30/01/2025,Adult,Cardiology,22404,10933,2456,1564,37356,2025,1,10.76132348
30/01/2025,Adult,Cardio-Thoracic Surgery,333,47,14,8,403,2025,1,5.459057072
30/01/2025,Adult,Breast Surgery,2434,7,2,0,2443,2025,1,0.081866558
30/01/2025,Adult,Anaesthetics,64,6,0,0,71,2025,1,0
30/01/2025,Adult,Clinical Neurophysiology,822,407,195,18,1441,2025,1,14.7814018
30/01/2025,Adult,Hepato-Biliary Surgery,102,36,7,0,145,2025,1,4.827586207
30/01/2025,Adult,Endocrinology,8552,4057,1771,5208,19589,2025,1,35.62713768
30/01/2025,Adult,Maxillo-Facial,2304,246,97,50,2696,2025,1,5.452522255
30/01/2025,Adult,Infectious Diseases,877,305,106,219,1507,2025,1,21.56602522
30/01/2025,Adult,Radiotherapy,38,0,0,0,38,2025,1,0
30/01/2025,Adult,Psychiatry,473,85,6,2,566,2025,1,1.413427562
30/01/2025,Adult,Plastic Surgery,8067,2293,885,2089,13333,2025,1,22.30555764
30/01/2025,Adult,Pathology,53,51,32,51,187,2025,1,44.38502674
30/01/2025,Adult,Pain Relief,6964,4244,1765,967,13940,2025,1,19.59827834
30/01/2025,Adult,Paediatrics,57,57,50,17,181,2025,1,37.01657459
30/01/2025,Adult,Paediatric Neurology,4,4,4,27,39,2025,1,79.48717949
30/01/2025,Adult,Respiratory Medicine,12623,6906,2649,2234,24411,2025,1,20.00327721
30/01/2025,Adult,Orthopaedics,37214,16573,4891,2630,61309,2025,1,12.26736694
30/01/2025,Adult,Ophthalmology,17211,7476,3977,5120,33784,2025,1,26.92694767
30/01/2025,Adult,Oncology,555,6,0,0,561,2025,1,0
30/01/2025,Adult,Neurosurgery,4615,3099,1095,2368,11177,2025,1,30.98326921
30/01/2025,Adult,Neurology,10865,5884,2758,2448,21956,2025,1,23.71105848
30/01/2025,Adult,Nephrology,2733,804,155,160,3851,2025,1,8.179693586
30/01/2025,Adult,Metabolic Medicine,90,34,2,0,126,2025,1,1.587301587
30/01/2025,Adult,Otolaryngology (ENT),20656,8292,2761,2238,33948,2025,1,14.72546247
27/02/2025,Child,Otolaryngology (ENT),4273,2535,917,495,8219,2025,2,17.17970556
27/02/2025,Child,Orthopaedics,1393,472,176,373,2414,2025,2,22.74233637
27/02/2025,Child,Ophthalmology,1920,642,389,459,3410,2025,2,24.86803519
27/02/2025,Child,Maxillo-Facial,269,48,12,10,338,2025,2,6.50887574
27/02/2025,Child,Immunology,231,93,29,27,380,2025,2,14.73684211
27/02/2025,Child,Haematology,35,2,0,0,37,2025,2,0
27/02/2025,Child,Gynaecology,419,119,72,2,613,2025,2,12.07177814
27/02/2025,Child,General Surgery,761,250,56,1,1068,2025,2,5.337078652
27/02/2025,Child,Clinical Immunology,377,207,135,53,772,2025,2,24.35233161
27/02/2025,Child,Dermatology,1784,989,477,626,3877,2025,2,28.44983234
27/02/2025,Child,Dental Surgery,152,128,48,75,403,2025,2,30.52109181
27/02/2025,Child,Clinical (Medical) Genetics,38,8,26,0,72,2025,2,36.11111111
27/02/2025,Child,Cardiology,14,7,12,0,32,2025,2,37.5
27/02/2025,Child,Cardio-Thoracic Surgery,26,2,2,0,30,2025,2,6.666666667
27/02/2025,Adult,Vascular Surgery,7746,2961,961,775,12443,2025,2,13.95161938
27/02/2025,Child,Paed Cardiology,2217,1250,192,97,3756,2025,2,7.694355698
27/02/2025,Child,Developmental Paediatrics,374,194,103,93,764,2025,2,25.65445026
27/02/2025,Child,Paed Endocrinology,470,201,39,2,712,2025,2,5.758426966
27/02/2025,Child,Urology,974,569,240,142,1925,2025,2,19.84415584
27/02/2025,Child,Paed Haematology,253,51,2,0,306,2025,2,0.653594771
27/02/2025,Adult,Urology,13860,5534,1537,1255,22187,2025,2,12.58394555
27/02/2025,Child,Small Volume Specialties,539,98,29,8,675,2025,2,5.481481481
27/02/2025,Child,Rheumatology,257,109,66,186,618,2025,2,40.77669903
27/02/2025,Child,Plastic Surgery,791,251,57,104,1202,2025,2,13.39434276
27/02/2025,Child,Pain Relief,36,7,2,2,47,2025,2,8.510638298
27/02/2025,Child,Paediatrics,11860,4331,1822,292,18306,2025,2,11.5481263
27/02/2025,Child,Paediatric Urology,1165,723,255,11,2154,2025,2,12.34911792
27/02/2025,Child,Paediatric Surgery,1230,403,74,0,1707,2025,2,4.335090803
27/02/2025,Child,Paediatric Respiratory Medicine,877,490,193,142,1702,2025,2,19.6827262
27/02/2025,Child,Paediatric Neurosurgery,54,2,0,0,56,2025,2,0
27/02/2025,Child,Paediatric Neurology,712,414,354,170,1650,2025,2,31.75757576
27/02/2025,Child,Paediatric Infectious Diseases,42,9,6,2,59,2025,2,13.55932203
27/02/2025,Child,Paediatric ENT,2575,1876,988,890,6329,2025,2,29.67293411
27/02/2025,Child,Paediatric Dermatology,2504,1937,1015,841,6297,2025,2,29.47435287
27/02/2025,Child,Paed Orthopaedic,1626,741,457,715,3539,2025,2,33.11669963
27/02/2025,Child,Paed Nephrology,275,133,84,80,572,2025,2,28.67132867
27/02/2025,Child,Paed Metabolic Medicine,30,2,0,0,32,2025,2,0
27/02/2025,Child,Paed Gastro-Enterol,630,167,66,142,1005,2025,2,20.69651741
27/02/2025,Adult,Small Volume Specialties,494,75,14,2,586,2025,2,2.730375427
27/02/2025,Adult,Anaesthetics,32,2,0,0,34,2025,2,0
27/02/2025,Adult,Respiratory Medicine,12700,6930,2814,2205,24650,2025,2,20.36105477
27/02/2025,Adult,Gynaecology,23617,5492,710,187,30007,2025,2,2.989302496
27/02/2025,Adult,Geriatric Medicine,3462,498,31,22,4013,2025,2,1.3207077
27/02/2025,Adult,General Surgery,26914,4730,864,121,32630,2025,2,3.018694453
27/02/2025,Adult,General Medicine,6901,2812,740,868,11322,2025,2,14.20243773
27/02/2025,Adult,Gastro-Intestinal Surgery,196,172,5,0,373,2025,2,1.340482574
27/02/2025,Adult,Gastro-Enterology,12420,4136,1202,370,18128,2025,2,8.671668138
27/02/2025,Adult,Diabetes Mellitus,1342,517,102,23,1984,2025,2,6.300403226
27/02/2025,Adult,Haematology,6487,2599,897,354,10337,2025,2,12.1021573
27/02/2025,Adult,Dermatology,27342,13450,5803,5242,51838,2025,2,21.30676338
27/02/2025,Adult,Clinical Immunology,1565,1138,647,360,3710,2025,2,27.14285714
27/02/2025,Adult,Clinical (Medical) Genetics,799,634,410,745,2588,2025,2,44.62905719
27/02/2025,Adult,Chemical Pathology,47,43,2,0,92,2025,2,2.173913043
27/02/2025,Adult,Cardiology,23042,11054,2708,1677,38481,2025,2,11.39523401
27/02/2025,Adult,Cardio-Thoracic Surgery,380,47,14,8,449,2025,2,4.899777283
27/02/2025,Adult,Breast Surgery,2498,4,0,0,2502,2025,2,0
27/02/2025,Adult,Rheumatology,7432,2652,780,444,11308,2025,2,10.82419526
27/02/2025,Adult,Clinical Neurophysiology,289,69,0,2,360,2025,2,0.555555556
27/02/2025,Adult,Hepato-Biliary Surgery,84,34,13,0,131,2025,2,9.923664122
27/02/2025,Adult,Endocrinology,8560,4054,1905,5285,19805,2025,2,36.30396365
27/02/2025,Adult,Maxillo-Facial,2172,234,101,109,2615,2025,2,8.030592734
27/02/2025,Adult,Radiotherapy,36,0,0,0,36,2025,2,0
27/02/2025,Adult,Infectious Diseases,899,345,107,236,1587,2025,2,21.61310649
27/02/2025,Adult,Psychiatry,503,83,13,4,602,2025,2,2.823920266
27/02/2025,Adult,Plastic Surgery,8012,2390,928,2058,13387,2025,2,22.30522148
27/02/2025,Adult,Pathology,48,53,33,50,184,2025,2,45.10869565
27/02/2025,Adult,Pain Relief,6865,4204,1864,1012,13946,2025,2,20.62240069
27/02/2025,Adult,Paediatric Neurology,4,4,4,29,41,2025,2,80.48780488
27/02/2025,Adult,Paed Cardiology,4,9,7,2,21,2025,2,42.85714286
27/02/2025,Adult,Paediatrics,58,49,51,11,169,2025,2,36.68639053
27/02/2025,Adult,Orthopaedics,37571,16772,5060,2781,62184,2025,2,12.60935289
27/02/2025,Adult,Ophthalmology,17559,7785,4080,5161,34585,2025,2,26.71967616
27/02/2025,Adult,Oncology,546,10,0,0,556,2025,2,0
27/02/2025,Adult,Neurosurgery,4686,3114,1306,1904,11010,2025,2,29.15531335
27/02/2025,Adult,Neurology,10828,5750,2822,2438,21837,2025,2,24.08755781
27/02/2025,Adult,Nephrology,2714,809,175,170,3867,2025,2,8.921644686
27/02/2025,Adult,Metabolic Medicine,102,23,2,0,127,2025,2,1.57480315
27/02/2025,Adult,Otolaryngology (ENT),20505,8250,2853,2319,33926,2025,2,15.24494488
27/03/2025,Child,Orthopaedics,1357,461,178,369,2366,2025,3,23.1191885
27/03/2025,Child,General Surgery,705,263,45,3,1016,2025,3,4.724409449
27/03/2025,Child,Ophthalmology,1935,626,379,452,3391,2025,3,24.50604541
27/03/2025,Child,Maxillo-Facial,295,39,14,5,354,2025,3,5.367231638
27/03/2025,Child,Immunology,224,95,24,30,373,2025,3,14.4772118
27/03/2025,Child,Haematology,35,2,2,0,38,2025,3,5.263157895
27/03/2025,Child,Gynaecology,387,123,73,5,587,2025,3,13.2879046
27/03/2025,Child,Developmental Paediatrics,333,188,86,87,694,2025,3,24.92795389
27/03/2025,Adult,Urology,14041,5322,1552,1222,22137,2025,3,12.5310566
27/03/2025,Child,Dental Surgery,168,127,52,72,419,2025,3,29.59427208
27/03/2025,Child,Clinical Immunology,399,209,140,59,807,2025,3,24.65923172
27/03/2025,Child,Clinical (Medical) Genetics,36,7,15,0,58,2025,3,25.86206897
27/03/2025,Child,Cardiology,12,4,12,0,28,2025,3,42.85714286
27/03/2025,Child,Cardio-Thoracic Surgery,31,0,2,0,33,2025,3,6.060606061
27/03/2025,Adult,Vascular Surgery,7720,3146,956,732,12554,2025,3,13.44591365
27/03/2025,Child,Otolaryngology (ENT),4349,2376,997,507,8228,2025,3,18.27904716
27/03/2025,Child,Dermatology,1838,992,495,643,3969,2025,3,28.67220962
27/03/2025,Child,Paed Cardiology,2242,1067,168,92,3569,2025,3,7.284953769
27/03/2025,Child,Urology,1021,552,283,166,2021,2025,3,22.21672439
27/03/2025,Child,Paed Gastro-Enterol,657,163,64,143,1027,2025,3,20.15579357
27/03/2025,Adult,Small Volume Specialties,421,79,22,1,524,2025,3,4.389312977
27/03/2025,Child,Rheumatology,288,112,67,182,649,2025,3,38.36671803
27/03/2025,Child,Plastic Surgery,771,264,61,109,1205,2025,3,14.10788382
27/03/2025,Child,Pain Relief,44,11,2,2,60,2025,3,6.666666667
27/03/2025,Child,Paediatrics,12267,4299,1761,320,18647,2025,3,11.15997211
27/03/2025,Child,Paediatric Urology,1230,683,325,22,2260,2025,3,15.3539823
27/03/2025,Child,Paediatric Surgery,1193,393,68,0,1655,2025,3,4.108761329
27/03/2025,Child,Paediatric Respiratory Medicine,876,411,201,153,1641,2025,3,21.57221207
27/03/2025,Child,Paediatric Neurosurgery,71,2,0,0,74,2025,3,0
27/03/2025,Child,Paediatric Neurology,792,422,372,185,1771,2025,3,31.45115754
27/03/2025,Child,Paediatric Infectious Diseases,45,4,2,2,54,2025,3,7.407407407
27/03/2025,Child,Paediatric ENT,2626,1729,855,852,6062,2025,3,28.15902342
27/03/2025,Child,Paediatric Dermatology,2603,1945,1023,919,6490,2025,3,29.9229584
27/03/2025,Child,Paed Orthopaedic,1660,719,393,705,3477,2025,3,31.57894737
27/03/2025,Child,Paed Nephrology,270,118,91,80,559,2025,3,30.59033989
27/03/2025,Child,Paed Metabolic Medicine,27,2,0,0,29,2025,3,0
27/03/2025,Child,Paed Haematology,269,67,4,0,340,2025,3,1.176470588
27/03/2025,Child,Paed Endocrinology,476,209,43,2,730,2025,3,6.164383562
27/03/2025,Adult,Rheumatology,7671,2738,808,469,11686,2025,3,10.92760568
27/03/2025,Child,Small Volume Specialties,520,94,18,11,643,2025,3,4.510108865
27/03/2025,Adult,Radiotherapy,24,0,0,0,24,2025,3,0
27/03/2025,Adult,Geriatric Medicine,3539,520,50,22,4131,2025,3,1.74291939
27/03/2025,Adult,General Surgery,26765,4716,780,162,32423,2025,3,2.905344971
27/03/2025,Adult,General Medicine,7095,2706,774,878,11453,2025,3,14.42416834
27/03/2025,Adult,Gastro-Intestinal Surgery,238,141,13,0,392,2025,3,3.316326531
27/03/2025,Adult,Gastro-Enterology,12496,4249,1252,333,18331,2025,3,8.646555016
27/03/2025,Adult,Endocrinology,8600,4150,1996,5447,20194,2025,3,36.85748242
27/03/2025,Adult,Diabetes Mellitus,1341,511,92,30,1975,2025,3,6.17721519
27/03/2025,Adult,Gynaecology,24023,5679,888,135,30726,2025,3,3.329427846
27/03/2025,Adult,Dermatology,27123,13919,6055,5541,52638,2025,3,22.02971238
27/03/2025,Adult,Clinical Immunology,1634,1167,677,383,3861,2025,3,27.45402745
27/03/2025,Adult,Clinical (Medical) Genetics,868,667,433,751,2719,2025,3,43.54542111
27/03/2025,Adult,Chemical Pathology,51,41,0,0,92,2025,3,0
27/03/2025,Adult,Cardiology,23678,11281,2698,1665,39322,2025,3,11.09556991
27/03/2025,Adult,Cardio-Thoracic Surgery,356,47,17,8,428,2025,3,5.841121495
27/03/2025,Adult,Breast Surgery,2444,6,0,0,2450,2025,3,0
27/03/2025,Adult,Anaesthetics,52,4,0,0,56,2025,3,0
27/03/2025,Adult,Clinical Neurophysiology,16,2,2,0,21,2025,3,9.523809524
27/03/2025,Adult,Haematology,6521,2686,889,367,10463,2025,3,12.00420529
27/03/2025,Adult,Respiratory Medicine,13019,6869,2876,2104,24868,2025,3,20.02573589
27/03/2025,Adult,Infectious Diseases,895,292,89,174,1450,2025,3,18.13793103
27/03/2025,Adult,Psychiatry,511,105,25,2,643,2025,3,4.199066874
27/03/2025,Adult,Plastic Surgery,8443,2534,872,2126,13975,2025,3,21.45259392
27/03/2025,Adult,Pathology,42,49,39,46,176,2025,3,48.29545455
27/03/2025,Adult,Pain Relief,6952,4258,1754,1072,14037,2025,3,20.13250695
27/03/2025,Adult,Paediatrics,33,41,53,12,139,2025,3,46.76258993
27/03/2025,Adult,Hepato-Biliary Surgery,88,40,11,0,139,2025,3,7.913669065
27/03/2025,Adult,Paed Cardiology,4,4,14,2,24,2025,3,66.66666667
27/03/2025,Adult,Otolaryngology (ENT),20393,8386,2855,2350,33985,2025,3,15.3155804
27/03/2025,Adult,Paediatric Neurology,4,4,4,29,41,2025,3,80.48780488
27/03/2025,Adult,Ophthalmology,17849,8074,4236,4965,35124,2025,3,26.19576358
27/03/2025,Adult,Oncology,624,15,0,0,639,2025,3,0
27/03/2025,Adult,Obstetrics,20,0,0,0,20,2025,3,0
27/03/2025,Adult,Neurosurgery,4630,3166,1500,1723,11019,2025,3,29.24947817
27/03/2025,Adult,Neurology,11037,5492,2826,2453,21808,2025,3,24.20671313
27/03/2025,Adult,Nephrology,2689,791,192,158,3829,2025,3,9.140767824
27/03/2025,Adult,Metabolic Medicine,93,24,2,0,119,2025,3,1.680672269
27/03/2025,Adult,Maxillo-Facial,2347,227,108,106,2788,2025,3,7.675753228
27/03/2025,Adult,Orthopaedics,37932,17281,5089,2686,62988,2025,3,12.34362101
24/04/2025,Child,Paed Cardiology,2236,961,137,96,3430,2025,4,6.793002915
24/04/2025,Child,Otolaryngology (ENT),4539,2256,1001,523,8319,2025,4,18.31950956
24/04/2025,Child,Orthopaedics,1347,503,164,361,2375,2025,4,22.10526316
24/04/2025,Child,Ophthalmology,1927,597,339,477,3339,2025,4,24.43845463
24/04/2025,Child,Maxillo-Facial,293,52,11,0,356,2025,4,3.08988764
24/04/2025,Child,Immunology,195,101,22,27,345,2025,4,14.20289855
24/04/2025,Child,Haematology,33,3,2,0,37,2025,4,5.405405405
24/04/2025,Adult,Vascular Surgery,7688,3102,1065,746,12600,2025,4,14.37301587
24/04/2025,Child,General Surgery,746,246,47,3,1043,2025,4,4.793863854
24/04/2025,Child,Developmental Paediatrics,365,180,57,79,681,2025,4,19.97063142
24/04/2025,Child,Dermatology,1881,945,493,654,3973,2025,4,28.86987163
24/04/2025,Child,Dental Surgery,157,110,72,75,414,2025,4,35.50724638
24/04/2025,Child,Clinical Immunology,398,194,127,56,775,2025,4,23.61290323
24/04/2025,Child,Clinical (Medical) Genetics,44,2,12,0,58,2025,4,20.68965517
24/04/2025,Child,Cardio-Thoracic Surgery,19,2,2,0,23,2025,4,8.695652174
24/04/2025,Child,Paed Endocrinology,481,218,44,5,748,2025,4,6.550802139
24/04/2025,Child,Gynaecology,377,127,73,4,582,2025,4,13.23024055
24/04/2025,Child,Paed Gastro-Enterol,628,187,78,132,1025,2025,4,20.48780488
24/04/2025,Child,Paediatric Neurosurgery,64,0,0,0,64,2025,4,0
24/04/2025,Child,Paed Metabolic Medicine,23,2,0,0,25,2025,4,0
24/04/2025,Adult,Urology,13849,5681,1769,1254,22552,2025,4,13.40457609
24/04/2025,Child,Urology,1051,573,291,89,2003,2025,4,18.97154269
24/04/2025,Child,Small Volume Specialties,496,117,27,14,655,2025,4,6.259541985
24/04/2025,Child,Rheumatology,280,123,61,163,627,2025,4,35.72567783
24/04/2025,Child,Plastic Surgery,750,269,80,115,1213,2025,4,16.07584501
24/04/2025,Child,Pain Relief,42,9,4,0,55,2025,4,7.272727273
24/04/2025,Child,Paediatrics,12263,4143,1663,376,18445,2025,4,11.05448631
24/04/2025,Child,Paed Haematology,254,63,2,0,319,2025,4,0.626959248
24/04/2025,Child,Paediatric Urology,1142,709,293,22,2166,2025,4,14.54293629
24/04/2025,Child,Paediatric Respiratory Medicine,891,416,210,113,1630,2025,4,19.81595092
24/04/2025,Child,Paediatric Neurology,705,430,368,190,1693,2025,4,32.95924395
24/04/2025,Child,Paediatric Infectious Diseases,33,2,4,2,41,2025,4,14.63414634
24/04/2025,Child,Paediatric ENT,2639,1612,930,744,5925,2025,4,28.25316456
24/04/2025,Child,Paediatric Dermatology,2526,1903,1059,967,6455,2025,4,31.38652208
24/04/2025,Child,Paed Orthopaedic,1748,709,380,710,3547,2025,4,30.73019453
24/04/2025,Child,Paed Nephrology,277,127,80,82,566,2025,4,28.62190813
24/04/2025,Child,Paediatric Surgery,1119,374,39,0,1532,2025,4,2.545691906
24/04/2025,Adult,Small Volume Specialties,375,89,17,2,484,2025,4,3.925619835
24/04/2025,Adult,Respiratory Medicine,12817,6766,3000,2239,24821,2025,4,21.10712703
24/04/2025,Adult,Anaesthetics,52,7,0,0,58,2025,4,0
24/04/2025,Adult,Haematology,6588,2746,896,361,10591,2025,4,11.86856765
24/04/2025,Adult,Gynaecology,23471,5971,963,85,30490,2025,4,3.437192522
24/04/2025,Adult,Geriatric Medicine,3605,563,58,28,4254,2025,4,2.021626704
24/04/2025,Adult,General Surgery,26962,4703,810,184,32659,2025,4,3.04357145
24/04/2025,Adult,General Medicine,7081,2773,845,896,11595,2025,4,15.01509271
24/04/2025,Adult,Gastro-Intestinal Surgery,366,120,25,0,511,2025,4,4.892367906
24/04/2025,Adult,Endocrinology,8553,4228,2026,5521,20328,2025,4,37.12613144
24/04/2025,Adult,Hepato-Biliary Surgery,83,45,6,0,135,2025,4,4.444444444
24/04/2025,Adult,Diabetes Mellitus,1362,414,103,40,1918,2025,4,7.455683003
24/04/2025,Adult,Clinical Immunology,1588,1188,720,401,3897,2025,4,28.76571722
24/04/2025,Adult,Clinical (Medical) Genetics,884,709,432,778,2803,2025,4,43.16803425
24/04/2025,Adult,Chemical Pathology,45,52,2,0,99,2025,4,2.02020202
24/04/2025,Adult,Cardiology,23464,11218,2860,1715,39256,2025,4,11.65426941
24/04/2025,Adult,Cardio-Thoracic Surgery,339,46,19,10,414,2025,4,7.004830918
24/04/2025,Adult,Breast Surgery,2418,9,0,0,2427,2025,4,0
24/04/2025,Adult,Rheumatology,7958,2796,868,490,12112,2025,4,11.21202114
24/04/2025,Adult,Dermatology,27335,14270,6317,5791,53713,2025,4,22.54202893
24/04/2025,Adult,Infectious Diseases,920,256,65,172,1413,2025,4,16.77282378
24/04/2025,Adult,Gastro-Enterology,12213,4477,1156,390,18236,2025,4,8.477736346
24/04/2025,Adult,Metabolic Medicine,90,39,2,0,131,2025,4,1.526717557
24/04/2025,Adult,Maxillo-Facial,2298,282,127,24,2730,2025,4,5.531135531
24/04/2025,Adult,Psychiatry,396,96,29,2,523,2025,4,5.927342256
24/04/2025,Adult,Plastic Surgery,7807,2545,901,2171,13424,2025,4,22.88438617
24/04/2025,Adult,Pathology,44,49,39,46,178,2025,4,47.75280899
24/04/2025,Adult,Pain Relief,6884,4406,1849,1061,14200,2025,4,20.49295775
24/04/2025,Adult,Paediatrics,40,51,54,14,160,2025,4,42.5
24/04/2025,Adult,Paediatric Neurology,4,4,4,24,37,2025,4,75.67567568
24/04/2025,Adult,Paed Cardiology,4,4,14,6,28,2025,4,71.42857143
24/04/2025,Adult,Radiotherapy,29,0,0,0,29,2025,4,0
24/04/2025,Adult,Orthopaedics,38062,18005,5281,2855,64204,2025,4,12.67210766
24/04/2025,Adult,Ophthalmology,17985,8322,4239,4861,35407,2025,4,25.70113254
24/04/2025,Adult,Oncology,642,17,0,0,660,2025,4,0
24/04/2025,Adult,Obstetrics,23,0,0,0,23,2025,4,0
24/04/2025,Adult,Neurosurgery,4398,3250,1723,1727,11098,2025,4,31.08668229
24/04/2025,Adult,Neurology,10943,5564,2902,2374,21783,2025,4,24.22072258
24/04/2025,Adult,Nephrology,2574,790,213,151,3729,2025,4,9.761330115
24/04/2025,Adult,Otolaryngology (ENT),20700,8555,2780,2488,34523,2025,4,15.25939229
29/05/2025,Child,Orthopaedics,1312,520,167,383,2381,2025,5,23.09953801
29/05/2025,Child,Ophthalmology,1972,626,300,449,3348,2025,5,22.37156511
29/05/2025,Child,Maxillo-Facial,273,69,7,0,349,2025,5,2.005730659
29/05/2025,Child,Immunology,178,117,37,24,356,2025,5,17.13483146
29/05/2025,Child,Haematology,24,2,2,0,27,2025,5,7.407407407
29/05/2025,Child,Gynaecology,441,119,83,12,655,2025,5,14.50381679
29/05/2025,Child,General Surgery,777,235,51,4,1066,2025,5,5.159474672
29/05/2025,Child,Clinical Immunology,432,190,140,61,823,2025,5,24.42284326
29/05/2025,Child,Dermatology,1892,904,549,689,4034,2025,5,30.68914229
29/05/2025,Child,Dental Surgery,139,101,70,86,396,2025,5,39.39393939
29/05/2025,Child,Clinical (Medical) Genetics,50,11,21,2,84,2025,5,27.38095238
29/05/2025,Child,Cardio-Thoracic Surgery,23,0,2,0,25,2025,5,8
29/05/2025,Adult,Vascular Surgery,8012,2932,1037,704,12685,2025,5,13.7248719
29/05/2025,Adult,Urology,14074,5645,1653,1341,22713,2025,5,13.18187822
29/05/2025,Child,Otolaryngology (ENT),4768,2127,1048,505,8448,2025,5,18.38304924
29/05/2025,Child,Developmental Paediatrics,369,161,42,63,635,2025,5,16.53543307
29/05/2025,Child,Paed Cardiology,2227,820,129,87,3263,2025,5,6.619675146
29/05/2025,Adult,Small Volume Specialties,477,77,21,6,581,2025,5,4.647160069
29/05/2025,Child,Paed Gastro-Enterol,641,196,82,129,1048,2025,5,20.13358779
29/05/2025,Child,Urology,1026,596,282,96,2000,2025,5,18.9
29/05/2025,Child,Rheumatology,282,126,64,153,625,2025,5,34.72
29/05/2025,Child,Plastic Surgery,779,258,97,116,1250,2025,5,17.04
29/05/2025,Child,Pain Relief,49,12,2,0,63,2025,5,3.174603175
29/05/2025,Child,Paediatrics,12418,3900,1563,420,18301,2025,5,10.83547347
29/05/2025,Child,Paediatric Urology,969,590,170,10,1739,2025,5,10.35077631
29/05/2025,Child,Paediatric Surgery,1281,343,35,2,1661,2025,5,2.227573751
29/05/2025,Child,Paed Endocrinology,477,200,53,2,732,2025,5,7.513661202
29/05/2025,Child,Paediatric Respiratory Medicine,880,427,181,92,1580,2025,5,17.27848101
29/05/2025,Child,Paediatric Neurology,804,405,380,181,1770,2025,5,31.69491525
29/05/2025,Child,Paediatric Infectious Diseases,32,0,4,2,38,2025,5,15.78947368
29/05/2025,Child,Paediatric ENT,2709,1381,996,695,5782,2025,5,29.24593566
29/05/2025,Child,Paediatric Dermatology,2653,1806,1135,986,6580,2025,5,32.23404255
29/05/2025,Child,Paed Orthopaedic,1756,725,382,657,3520,2025,5,29.51704545
29/05/2025,Child,Paed Nephrology,260,124,69,96,549,2025,5,30.05464481
29/05/2025,Child,Paed Haematology,250,69,2,0,321,2025,5,0.62305296
29/05/2025,Child,Paediatric Neurosurgery,62,2,0,0,64,2025,5,0
29/05/2025,Adult,Rheumatology,8263,2783,1063,496,12605,2025,5,12.36810789
29/05/2025,Child,Small Volume Specialties,511,105,25,22,663,2025,5,7.088989442
29/05/2025,Adult,Radiotherapy,45,0,0,0,45,2025,5,0
29/05/2025,Adult,Gynaecology,24205,5854,920,38,31017,2025,5,3.088628816
29/05/2025,Adult,Geriatric Medicine,3591,569,86,28,4274,2025,5,2.667290594
29/05/2025,Adult,General Surgery,26899,4318,863,190,32270,2025,5,3.263092656
29/05/2025,Adult,General Medicine,7055,2736,790,875,11455,2025,5,14.53513749
29/05/2025,Adult,Gastro-Intestinal Surgery,459,106,24,0,589,2025,5,4.074702886
29/05/2025,Adult,Gastro-Enterology,12410,4431,1219,432,18492,2025,5,8.928185161
29/05/2025,Adult,Endocrinology,8957,3892,2145,5608,20602,2025,5,37.63226871
29/05/2025,Adult,Haematology,6749,2632,939,394,10714,2025,5,12.44166511
29/05/2025,Adult,Diabetes Mellitus,1235,328,115,26,1705,2025,5,8.269794721
29/05/2025,Adult,Clinical Immunology,1569,1095,737,369,3770,2025,5,29.33687003
29/05/2025,Adult,Clinical (Medical) Genetics,841,759,398,797,2795,2025,5,42.7549195
29/05/2025,Adult,Chemical Pathology,46,45,2,0,94,2025,5,2.127659574
29/05/2025,Adult,Cardiology,23117,10664,2975,1810,38566,2025,5,12.40730177
29/05/2025,Adult,Cardio-Thoracic Surgery,341,48,20,10,420,2025,5,7.142857143
29/05/2025,Adult,Breast Surgery,2680,13,0,0,2693,2025,5,0
29/05/2025,Adult,Respiratory Medicine,13300,6553,3170,2109,25132,2025,5,21.00509311
29/05/2025,Adult,Dermatology,28176,13817,6716,5885,54594,2025,5,23.08129098
29/05/2025,Adult,Hepato-Biliary Surgery,101,44,10,0,155,2025,5,6.451612903
29/05/2025,Adult,Anaesthetics,43,5,0,0,48,2025,5,0
29/05/2025,Adult,Maxillo-Facial,2445,331,116,13,2906,2025,5,4.439091535
29/05/2025,Adult,Psychiatry,366,90,37,2,495,2025,5,7.878787879
29/05/2025,Adult,Plastic Surgery,8033,2293,949,2065,13339,2025,5,22.59539696
29/05/2025,Adult,Pathology,58,48,36,56,198,2025,5,46.46464646
29/05/2025,Adult,Pain Relief,6754,4386,1977,1147,14264,2025,5,21.90128996
29/05/2025,Adult,Infectious Diseases,929,224,45,160,1358,2025,5,15.09572901
29/05/2025,Adult,Paediatric Neurology,9,4,7,14,34,2025,5,61.76470588
29/05/2025,Adult,Paed Cardiology,4,4,13,7,28,2025,5,71.42857143
29/05/2025,Adult,Otolaryngology (ENT),20836,8722,2810,2495,34863,2025,5,15.21670539
29/05/2025,Adult,Paediatrics,42,54,47,18,161,2025,5,40.37267081
29/05/2025,Adult,Ophthalmology,19022,8658,4405,4725,36811,2025,5,24.80236886
29/05/2025,Adult,Oncology,563,20,2,0,585,2025,5,0.341880342
29/05/2025,Adult,Obstetrics,56,0,0,0,56,2025,5,0
29/05/2025,Adult,Neurosurgery,4450,2906,1764,1280,10400,2025,5,29.26923077
29/05/2025,Adult,Neurology,10989,5187,2904,2313,21393,2025,5,24.38648156
29/05/2025,Adult,Nephrology,2652,801,201,150,3804,2025,5,9.227129338
29/05/2025,Adult,Metabolic Medicine,88,46,2,0,136,2025,5,1.470588235
29/05/2025,Adult,Orthopaedics,38015,17641,5385,2856,63897,2025,5,12.89731912
26/06/2025,Child,Otolaryngology (ENT),4722,2152,1063,500,8437,2025,6,18.52554225
26/06/2025,Child,Orthopaedics,1302,545,171,389,2407,2025,6,23.2654757
26/06/2025,Child,Ophthalmology,2021,607,291,449,3367,2025,6,21.97802198
26/06/2025,Child,Maxillo-Facial,234,82,11,0,326,2025,6,3.374233129
26/06/2025,Child,Immunology,205,89,32,28,354,2025,6,16.94915254
26/06/2025,Child,Haematology,20,0,3,0,23,2025,6,13.04347826
26/06/2025,Child,Gynaecology,397,114,82,14,608,2025,6,15.78947368
26/06/2025,Adult,Vascular Surgery,8455,2756,1110,681,13002,2025,6,13.77480388
26/06/2025,Child,Developmental Paediatrics,397,149,39,73,657,2025,6,17.04718417
26/06/2025,Child,Dermatology,1822,902,560,713,3997,2025,6,31.84888666
26/06/2025,Child,Dental Surgery,144,86,89,82,401,2025,6,42.64339152
26/06/2025,Child,Clinical Immunology,427,205,138,68,838,2025,6,24.5823389
26/06/2025,Child,Clinical (Medical) Genetics,43,4,21,0,67,2025,6,31.34328358
26/06/2025,Child,Cardio-Thoracic Surgery,21,2,0,0,22,2025,6,0
26/06/2025,Child,Paed Cardiology,2172,771,113,98,3154,2025,6,6.689917565
26/06/2025,Adult,Urology,14304,5880,1636,1412,23232,2025,6,13.11983471
26/06/2025,Child,General Surgery,734,240,58,4,1036,2025,6,5.984555985
26/06/2025,Child,Paed Endocrinology,493,202,64,6,765,2025,6,9.150326797
26/06/2025,Child,Paediatric Neurology,789,392,353,197,1731,2025,6,31.77354131
26/06/2025,Child,Paed Haematology,252,64,0,0,316,2025,6,0
26/06/2025,Child,Urology,1013,605,312,113,2043,2025,6,20.80274107
26/06/2025,Adult,Small Volume Specialties,360,65,20,2,447,2025,6,4.921700224
26/06/2025,Child,Small Volume Specialties,532,126,25,12,696,2025,6,5.316091954
26/06/2025,Child,Plastic Surgery,817,282,99,111,1309,2025,6,16.04278075
26/06/2025,Child,Pain Relief,52,11,2,0,65,2025,6,3.076923077
26/06/2025,Child,Paediatrics,12474,3769,1397,440,18080,2025,6,10.16039823
26/06/2025,Child,Paediatric Urology,981,632,207,12,1832,2025,6,11.95414847
26/06/2025,Child,Paed Gastro-Enterol,587,189,82,127,985,2025,6,21.21827411
26/06/2025,Child,Paediatric Surgery,1252,272,37,2,1563,2025,6,2.495201536
26/06/2025,Child,Paediatric Neurosurgery,58,0,0,0,58,2025,6,0
26/06/2025,Child,Paediatric Infectious Diseases,19,0,4,2,24,2025,6,25
26/06/2025,Child,Paediatric ENT,2620,1406,940,692,5658,2025,6,28.84411453
26/06/2025,Child,Paediatric Dermatology,2802,1723,1211,1051,6786,2025,6,33.33333333
26/06/2025,Child,Paed Orthopaedic,1760,701,406,646,3513,2025,6,29.94591517
26/06/2025,Child,Paed Nephrology,255,136,66,92,549,2025,6,28.77959927
26/06/2025,Child,Paed Metabolic Medicine,19,2,2,0,22,2025,6,9.090909091
26/06/2025,Child,Paediatric Respiratory Medicine,870,427,195,83,1575,2025,6,17.65079365
26/06/2025,Adult,Rheumatology,8651,2803,1188,512,13155,2025,6,12.92284303
26/06/2025,Child,Rheumatology,284,126,71,149,630,2025,6,34.92063492
26/06/2025,Adult,Radiotherapy,55,0,0,0,55,2025,6,0
26/06/2025,Adult,Gynaecology,24962,5790,881,43,31675,2025,6,2.917127072
26/06/2025,Adult,Geriatric Medicine,3791,507,116,24,4439,2025,6,3.153863483
26/06/2025,Adult,General Surgery,27571,4185,970,216,32941,2025,6,3.600376431
26/06/2025,Adult,General Medicine,7174,2821,856,861,11711,2025,6,14.66142943
26/06/2025,Adult,Gastro-Intestinal Surgery,564,105,25,0,694,2025,6,3.602305476
26/06/2025,Adult,Gastro-Enterology,12761,4609,1159,387,18916,2025,6,8.172975259
26/06/2025,Adult,Diabetes Mellitus,1365,294,111,20,1790,2025,6,7.318435754
26/06/2025,Adult,Haematology,7015,2735,1018,425,11193,2025,6,12.89198606
26/06/2025,Adult,Dermatology,29465,13451,7175,6013,56104,2025,6,23.50634536
26/06/2025,Adult,Clinical (Medical) Genetics,887,753,413,810,2863,2025,6,42.71742927
26/06/2025,Adult,Chemical Pathology,44,51,0,0,95,2025,6,0
26/06/2025,Adult,Cardiology,23655,10720,3188,1761,39323,2025,6,12.58550975
26/06/2025,Adult,Cardio-Thoracic Surgery,335,54,19,12,420,2025,6,7.380952381
26/06/2025,Adult,Breast Surgery,2986,11,2,0,2999,2025,6,0.066688896
26/06/2025,Adult,Anaesthetics,61,5,2,0,68,2025,6,2.941176471
26/06/2025,Adult,Respiratory Medicine,13715,6344,3231,2128,25418,2025,6,21.08348415
26/06/2025,Adult,Clinical Immunology,1639,1155,761,325,3880,2025,6,27.98969072
26/06/2025,Adult,Hepato-Biliary Surgery,115,43,20,0,178,2025,6,11.23595506
26/06/2025,Adult,Endocrinology,9419,3851,2268,5712,21250,2025,6,37.55294118
26/06/2025,Adult,Maxillo-Facial,2271,452,109,19,2851,2025,6,4.489652753
26/06/2025,Adult,Infectious Diseases,995,196,38,123,1352,2025,6,11.90828402
26/06/2025,Adult,Psychiatry,429,84,42,4,558,2025,6,8.243727599
26/06/2025,Adult,Plastic Surgery,8959,2436,935,2113,14444,2025,6,21.10218776
26/06/2025,Adult,Pathology,43,40,41,55,179,2025,6,53.63128492
26/06/2025,Adult,Pain Relief,7054,4391,1993,1160,14598,2025,6,21.59884916
26/06/2025,Adult,Paediatrics,47,48,46,18,159,2025,6,40.25157233
26/06/2025,Adult,Paediatric Neurology,6,7,2,7,21,2025,6,42.85714286
26/06/2025,Adult,Paed Cardiology,2,4,12,10,29,2025,6,75.86206897
26/06/2025,Adult,Otolaryngology (ENT),21318,9067,2786,2362,35533,2025,6,14.48794079
26/06/2025,Adult,Radiology,19,7,0,0,26,2025,6,0
26/06/2025,Adult,Ophthalmology,19666,8714,4601,4517,37498,2025,6,24.31596352
26/06/2025,Adult,Oncology,659,27,0,0,686,2025,6,0
26/06/2025,Adult,Obstetrics,46,0,0,0,46,2025,6,0
26/06/2025,Adult,Neurosurgery,4931,3064,2045,1084,11124,2025,6,28.12837109
26/06/2025,Adult,Neurology,11333,5222,2960,2444,21959,2025,6,24.60949952
26/06/2025,Adult,Nephrology,2744,797,199,131,3872,2025,6,8.522727273
26/06/2025,Adult,Metabolic Medicine,92,48,5,0,145,2025,6,3.448275862
26/06/2025,Adult,Orthopaedics,39191,17404,6030,2944,65569,2025,6,13.68634568
31/07/2025,Child,Paed Cardiology,2212,750,123,97,3181,2025,7,6.916064131
31/07/2025,Child,Otolaryngology (ENT),4798,2034,1038,423,8292,2025,7,17.61939219
31/07/2025,Child,Orthopaedics,1331,493,184,379,2387,2025,7,23.58609133
31/07/2025,Child,Ophthalmology,2069,614,245,429,3356,2025,7,20.08343266
31/07/2025,Child,Maxillo-Facial,262,78,20,0,360,2025,7,5.555555556
31/07/2025,Child,Immunology,199,79,34,29,341,2025,7,18.47507331
31/07/2025,Child,Haematology,20,0,3,0,23,2025,7,13.04347826
31/07/2025,Child,Gynaecology,363,110,77,16,566,2025,7,16.43109541
31/07/2025,Child,Clinical Immunology,399,215,136,74,824,2025,7,25.48543689
31/07/2025,Child,Developmental Paediatrics,432,106,37,75,650,2025,7,17.23076923
31/07/2025,Child,Dermatology,1599,745,549,729,3622,2025,7,35.28437327
31/07/2025,Child,Dental Surgery,167,75,102,67,411,2025,7,41.11922141
31/07/2025,Child,Clinical (Medical) Genetics,33,12,12,2,59,2025,7,23.72881356
31/07/2025,Child,Cardio-Thoracic Surgery,19,2,0,0,21,2025,7,0
31/07/2025,Adult,Vascular Surgery,9657,2670,1228,499,14054,2025,7,12.28831649
31/07/2025,Adult,Urology,14831,5857,2127,1401,24216,2025,7,14.56888008
31/07/2025,Child,General Surgery,768,208,60,6,1043,2025,7,6.327900288
31/07/2025,Child,Paed Endocrinology,523,187,74,2,786,2025,7,9.669211196
31/07/2025,Child,Urology,1023,597,330,132,2082,2025,7,22.19020173
31/07/2025,Child,Paed Haematology,257,42,2,0,301,2025,7,0.664451827
31/07/2025,Child,Small Volume Specialties,550,147,24,12,732,2025,7,4.918032787
31/07/2025,Child,Rheumatology,293,132,81,147,653,2025,7,34.91577335
31/07/2025,Child,Plastic Surgery,839,275,102,112,1327,2025,7,16.12660136
31/07/2025,Child,Pain Relief,53,12,2,0,67,2025,7,2.985074627
31/07/2025,Child,Paediatrics,12681,3404,1234,440,17760,2025,7,9.425675676
31/07/2025,Child,Paediatric Urology,756,526,185,6,1473,2025,7,12.96673456
31/07/2025,Child,Paediatric Surgery,1458,289,95,2,1843,2025,7,5.263157895
31/07/2025,Child,Paed Gastro-Enterol,604,181,99,124,1008,2025,7,22.12301587
31/07/2025,Child,Paediatric Respiratory Medicine,839,392,200,76,1507,2025,7,18.31453218
31/07/2025,Child,Paediatric Neurology,844,399,320,223,1786,2025,7,30.4031355
31/07/2025,Child,Paediatric Infectious Diseases,23,2,2,2,29,2025,7,13.79310345
31/07/2025,Child,Paediatric ENT,2686,1143,853,584,5266,2025,7,27.28826434
31/07/2025,Child,Paediatric Dermatology,3096,1762,1313,1116,7287,2025,7,33.33333333
31/07/2025,Child,Paed Orthopaedic,1716,692,436,614,3458,2025,7,30.36437247
31/07/2025,Child,Paed Nephrology,266,143,63,91,563,2025,7,27.35346359
31/07/2025,Child,Paed Metabolic Medicine,23,0,2,0,25,2025,7,8
31/07/2025,Child,Paediatric Neurosurgery,65,0,0,0,65,2025,7,0
31/07/2025,Adult,Small Volume Specialties,516,81,26,4,628,2025,7,4.777070064
31/07/2025,Adult,Respiratory Medicine,14050,6104,3382,2168,25704,2025,7,21.59197012
31/07/2025,Adult,Radiotherapy,47,0,0,0,47,2025,7,0
31/07/2025,Adult,Geriatric Medicine,3759,521,140,19,4440,2025,7,3.581081081
31/07/2025,Adult,General Surgery,27863,3977,1041,208,33090,2025,7,3.774554246
31/07/2025,Adult,General Medicine,7514,2724,950,903,12091,2025,7,15.32544868
31/07/2025,Adult,Gastro-Intestinal Surgery,682,78,50,0,810,2025,7,6.172839506
31/07/2025,Adult,Gastro-Enterology,14046,4333,1267,398,20044,2025,7,8.306725205
31/07/2025,Adult,Diabetes Mellitus,1494,252,101,14,1862,2025,7,6.176154672
31/07/2025,Adult,Dermatology,31125,13017,8063,6252,58457,2025,7,24.48808526
31/07/2025,Adult,Clinical Immunology,1793,1077,744,288,3902,2025,7,26.4479754
31/07/2025,Adult,Clinical (Medical) Genetics,957,706,442,813,2918,2025,7,43.00891021
31/07/2025,Adult,Chemical Pathology,54,40,9,0,103,2025,7,8.737864078
31/07/2025,Adult,Cardiology,25028,10357,3355,1677,40418,2025,7,12.44989856
31/07/2025,Adult,Cardio-Thoracic Surgery,317,47,19,16,399,2025,7,8.771929825
31/07/2025,Adult,Breast Surgery,3379,6,0,0,3385,2025,7,0
31/07/2025,Adult,Anaesthetics,42,7,2,0,51,2025,7,3.921568627
31/07/2025,Adult,Rheumatology,8615,2659,1370,539,13183,2025,7,14.48077069
31/07/2025,Adult,Gynaecology,26317,5588,904,39,32848,2025,7,2.870798831
31/07/2025,Adult,Haematology,7333,2681,1056,496,11566,2025,7,13.41864084
31/07/2025,Adult,Endocrinology,9984,3634,2408,5752,21777,2025,7,37.470726
31/07/2025,Adult,Infectious Diseases,1001,175,30,113,1319,2025,7,10.84154663
31/07/2025,Adult,Hepato-Biliary Surgery,109,49,20,2,180,2025,7,12.22222222
31/07/2025,Adult,Plastic Surgery,10068,2393,952,2031,15444,2025,7,19.31494431
31/07/2025,Adult,Pathology,55,40,41,60,196,2025,7,51.53061224
31/07/2025,Adult,Pain Relief,7352,4175,2140,1163,14830,2025,7,22.27242077
31/07/2025,Adult,Paediatrics,55,51,38,22,166,2025,7,36.14457831
31/07/2025,Adult,Paed Cardiology,0,4,15,9,28,2025,7,85.71428571
31/07/2025,Adult,Otolaryngology (ENT),21709,8667,2849,2066,35291,2025,7,13.92706356
31/07/2025,Adult,Orthopaedics,41200,16872,6863,3035,67970,2025,7,14.5623069
31/07/2025,Adult,Psychiatry,401,74,32,2,509,2025,7,6.679764244
31/07/2025,Adult,Oncology,708,10,5,0,723,2025,7,0.691562932
31/07/2025,Adult,Obstetrics,114,0,0,0,114,2025,7,0
31/07/2025,Adult,Neurosurgery,5049,3066,2264,945,11324,2025,7,28.33804309
31/07/2025,Adult,Neurology,11709,5093,3099,2351,22252,2025,7,24.49218048
31/07/2025,Adult,Nephrology,2906,790,209,98,4004,2025,7,7.667332667
31/07/2025,Adult,Metabolic Medicine,77,49,8,0,134,2025,7,5.970149254
31/07/2025,Adult,Maxillo-Facial,2567,477,126,10,3180,2025,7,4.27672956
31/07/2025,Adult,Ophthalmology,20694,8236,4539,4192,37661,2025,7,23.18313375
28/08/2025,Child,Otolaryngology (ENT),4751,2133,955,438,8277,2025,8,16.82976924
28/08/2025,Child,Orthopaedics,1315,494,195,385,2388,2025,8,24.2881072
28/08/2025,Child,Ophthalmology,2120,659,252,387,3418,2025,8,18.69514336
28/08/2025,Child,Maxillo-Facial,254,90,21,0,365,2025,8,5.753424658
28/08/2025,Child,Immunology,222,94,35,28,379,2025,8,16.62269129
28/08/2025,Child,Gynaecology,355,120,74,18,567,2025,8,16.22574956
28/08/2025,Child,General Surgery,710,255,63,3,1031,2025,8,6.401551891
28/08/2025,Child,Urology,1020,600,341,167,2128,2025,8,23.87218045
28/08/2025,Child,Dermatology,1524,768,572,754,3618,2025,8,36.65008292
28/08/2025,Child,Dental Surgery,195,71,104,64,434,2025,8,38.70967742
28/08/2025,Child,Clinical (Medical) Genetics,42,5,7,2,57,2025,8,15.78947368
28/08/2025,Child,Cardio-Thoracic Surgery,24,0,0,0,24,2025,8,0
28/08/2025,Adult,Vascular Surgery,10087,2842,1355,478,14762,2025,8,12.41701666
28/08/2025,Adult,Urology,14770,6129,2172,1474,24545,2025,8,14.85434915
28/08/2025,Child,Paed Cardiology,2190,877,120,97,3284,2025,8,6.607795371
28/08/2025,Child,Developmental Paediatrics,466,102,31,51,650,2025,8,12.61538462
28/08/2025,Child,Paed Endocrinology,543,192,64,2,801,2025,8,8.239700375
28/08/2025,Adult,Small Volume Specialties,432,96,33,6,567,2025,8,6.878306878
28/08/2025,Child,Paed Haematology,312,46,4,0,362,2025,8,1.104972376
28/08/2025,Child,Small Volume Specialties,529,143,24,13,709,2025,8,5.218617772
28/08/2025,Child,Rheumatology,280,143,81,147,651,2025,8,35.02304147
28/08/2025,Child,Plastic Surgery,875,254,104,118,1351,2025,8,16.43227239
28/08/2025,Child,Pain Relief,48,15,2,0,65,2025,8,3.076923077
28/08/2025,Child,Paediatrics,12537,3485,1129,462,17612,2025,8,9.033613445
28/08/2025,Child,Paediatric Urology,785,555,191,2,1533,2025,8,12.58969341
28/08/2025,Child,Paediatric Surgery,1453,232,45,2,1732,2025,8,2.713625866
28/08/2025,Child,Paediatric Respiratory Medicine,763,416,195,83,1457,2025,8,19.08030199
28/08/2025,Child,Paediatric Neurosurgery,77,2,0,0,79,2025,8,0
28/08/2025,Child,Paediatric Neurology,849,413,290,221,1773,2025,8,28.82120699
28/08/2025,Child,Paediatric Infectious Diseases,28,0,2,2,33,2025,8,12.12121212
28/08/2025,Child,Paediatric ENT,2529,1253,806,648,5236,2025,8,27.76928953
28/08/2025,Child,Paediatric Dermatology,3105,1764,1311,1209,7389,2025,8,34.1047503
28/08/2025,Child,Paed Orthopaedic,1724,734,420,623,3501,2025,8,29.79148815
28/08/2025,Child,Paed Nephrology,239,142,64,91,536,2025,8,28.91791045
28/08/2025,Child,Paed Gastro-Enterol,526,190,102,132,950,2025,8,24.63157895
28/08/2025,Adult,Rheumatology,8850,2815,1414,621,13699,2025,8,14.85509891
28/08/2025,Child,Clinical Immunology,404,220,124,84,832,2025,8,25
28/08/2025,Adult,Radiotherapy,58,0,0,0,58,2025,8,0
28/08/2025,Adult,Geriatric Medicine,3754,549,167,30,4501,2025,8,4.376805154
28/08/2025,Adult,General Surgery,27883,4102,952,222,33159,2025,8,3.540516903
28/08/2025,Adult,General Medicine,7499,2793,1022,934,12248,2025,8,15.96995428
28/08/2025,Adult,Gastro-Intestinal Surgery,768,85,51,0,904,2025,8,5.64159292
28/08/2025,Adult,Gastro-Enterology,13934,4613,1248,432,20227,2025,8,8.305729965
28/08/2025,Adult,Endocrinology,10064,3892,2491,5925,22372,2025,8,37.61845164
28/08/2025,Adult,Dermatology,31447,13454,8047,6680,59628,2025,8,24.6981284
28/08/2025,Adult,Clinical Immunology,1749,1084,749,260,3842,2025,8,26.26236335
28/08/2025,Adult,Clinical (Medical) Genetics,977,693,501,862,3033,2025,8,44.93900429
28/08/2025,Adult,Chemical Pathology,50,30,2,0,82,2025,8,2.43902439
28/08/2025,Adult,Cardiology,24572,11073,3486,1742,40873,2025,8,12.79083992
28/08/2025,Adult,Cardio-Thoracic Surgery,347,48,22,15,431,2025,8,8.584686775
28/08/2025,Adult,Breast Surgery,3613,25,0,0,3638,2025,8,0
28/08/2025,Adult,Anaesthetics,33,5,2,0,40,2025,8,5
28/08/2025,Adult,Respiratory Medicine,13824,6433,3340,2177,25775,2025,8,21.40446169
28/08/2025,Adult,Gynaecology,27075,6007,948,51,34081,2025,8,2.931252017
28/08/2025,Adult,Haematology,7283,2880,1079,522,11764,2025,8,13.60931656
28/08/2025,Adult,Diabetes Mellitus,1510,261,89,17,1877,2025,8,5.647309536
28/08/2025,Adult,Infectious Diseases,1094,164,32,91,1381,2025,8,8.906589428
28/08/2025,Adult,Hepato-Biliary Surgery,104,45,24,2,175,2025,8,14.85714286
28/08/2025,Adult,Plastic Surgery,10157,2553,962,1965,15637,2025,8,18.71842425
28/08/2025,Adult,Pathology,54,35,38,61,188,2025,8,52.65957447
28/08/2025,Adult,Pain Relief,7452,4266,2066,1306,15089,2025,8,22.34740539
28/08/2025,Adult,Paediatrics,35,36,41,16,128,2025,8,44.53125
28/08/2025,Adult,Paed Cardiology,4,4,11,9,29,2025,8,68.96551724
28/08/2025,Adult,Otolaryngology (ENT),21662,8902,2870,2069,35502,2025,8,13.91189229
28/08/2025,Adult,Orthopaedics,41293,17463,7152,3352,69260,2025,8,15.166041
28/08/2025,Adult,Psychiatry,444,74,35,7,559,2025,8,7.513416816
28/08/2025,Adult,Oncology,788,13,6,3,810,2025,8,1.111111111
28/08/2025,Adult,Obstetrics,114,0,0,0,114,2025,8,0
28/08/2025,Adult,Neurosurgery,4896,3248,2354,649,11147,2025,8,26.93998385
28/08/2025,Adult,Neurology,11562,5357,3150,2582,22651,2025,8,25.30572602
28/08/2025,Adult,Nephrology,2915,821,223,109,4067,2025,8,8.163265306
28/08/2025,Adult,Metabolic Medicine,69,53,7,0,129,2025,8,5.426356589
28/08/2025,Adult,Maxillo-Facial,2491,624,117,9,3240,2025,8,3.888888889
28/08/2025,Adult,Ophthalmology,20276,8478,4752,4064,37571,2025,8,23.46490644
25/09/2025,Child,Paed Haematology,299,46,4,2,351,2025,9,1.709401709
25/09/2025,Child,Paed Gastro-Enterol,487,220,98,132,937,2025,9,24.54642476
25/09/2025,Child,Paed Endocrinology,540,194,64,2,800,2025,9,8.25
25/09/2025,Child,Paed Cardiology,2112,1023,128,112,3375,2025,9,7.111111111
25/09/2025,Child,Otolaryngology (ENT),4397,2297,823,423,7940,2025,9,15.69269521
25/09/2025,Child,Orthopaedics,1289,500,207,344,2340,2025,9,23.54700855
25/09/2025,Child,Ophthalmology,2074,663,261,365,3364,2025,9,18.60879905
25/09/2025,Child,Maxillo-Facial,233,98,23,0,354,2025,9,6.497175141
25/09/2025,Child,Dermatology,1473,807,548,784,3611,2025,9,36.88728884
25/09/2025,Child,Gynaecology,398,128,67,15,608,2025,9,13.48684211
25/09/2025,Child,General Surgery,747,262,59,2,1070,2025,9,5.700934579
25/09/2025,Child,Developmental Paediatrics,432,115,18,25,590,2025,9,7.288135593
25/09/2025,Child,Clinical Immunology,353,211,123,83,770,2025,9,26.75324675
25/09/2025,Child,Clinical (Medical) Genetics,42,7,4,0,53,2025,9,7.547169811
25/09/2025,Child,Cardio-Thoracic Surgery,22,0,0,0,22,2025,9,0
25/09/2025,Adult,Vascular Surgery,10055,3048,1399,467,14969,2025,9,12.46576258
25/09/2025,Child,Immunology,210,92,37,29,368,2025,9,17.93478261
25/09/2025,Child,Paed Metabolic Medicine,20,0,2,0,22,2025,9,9.090909091
25/09/2025,Child,Vascular Surgery,11,12,0,0,23,2025,9,0
25/09/2025,Child,Paed Orthopaedic,1765,735,388,564,3452,2025,9,27.57821553
25/09/2025,Adult,Urology,14630,5894,2112,1537,24173,2025,9,15.09535432
25/09/2025,Child,Urology,1037,592,351,186,2166,2025,9,24.79224377
25/09/2025,Child,Small Volume Specialties,486,128,21,11,647,2025,9,4.945904173
25/09/2025,Child,Rheumatology,284,161,88,141,674,2025,9,33.97626113
25/09/2025,Child,Plastic Surgery,870,243,98,117,1328,2025,9,16.18975904
25/09/2025,Child,Pain Relief,40,12,2,0,54,2025,9,3.703703704
25/09/2025,Child,Paediatrics,12163,3609,1079,549,17400,2025,9,9.356321839
25/09/2025,Child,Paed Nephrology,224,144,54,94,516,2025,9,28.68217054
25/09/2025,Child,Paediatric Urology,844,559,199,9,1611,2025,9,12.91123526
25/09/2025,Child,Paediatric Respiratory Medicine,692,417,179,70,1358,2025,9,18.33578792
25/09/2025,Child,Paediatric Neurosurgery,73,2,0,0,75,2025,9,0
25/09/2025,Child,Paediatric Neurology,833,427,271,211,1742,2025,9,27.66934558
25/09/2025,Child,Paediatric Infectious Diseases,35,4,4,2,45,2025,9,13.33333333
25/09/2025,Child,Paediatric ENT,2374,1302,728,673,5077,2025,9,27.59503644
25/09/2025,Child,Paediatric Dermatology,3004,1718,1294,1252,7268,2025,9,35.03026968
25/09/2025,Child,Paediatric Anaesthetics,25,2,0,0,27,2025,9,0
25/09/2025,Child,Paediatric Surgery,1401,168,49,0,1617,2025,9,3.03030303
25/09/2025,Adult,Small Volume Specialties,504,73,31,8,617,2025,9,6.320907618
25/09/2025,Child,Dental Surgery,177,81,96,55,409,2025,9,36.9193154
25/09/2025,Adult,Respiratory Medicine,13768,6645,3420,2190,26021,2025,9,21.55950963
25/09/2025,Adult,Gynaecology,27128,6262,953,58,34401,2025,9,2.938868056
25/09/2025,Adult,Geriatric Medicine,3766,611,182,28,4588,2025,9,4.577157803
25/09/2025,Adult,General Surgery,27607,4068,952,258,32885,2025,9,3.679489129
25/09/2025,Adult,General Medicine,7214,2932,1070,934,12150,2025,9,16.49382716
25/09/2025,Adult,Gastro-Intestinal Surgery,775,110,34,0,919,2025,9,3.699673558
25/09/2025,Adult,Gastro-Enterology,13971,4762,1263,503,20500,2025,9,8.614634146
25/09/2025,Adult,Endocrinology,9887,4100,2537,5993,22517,2025,9,37.88248879
25/09/2025,Adult,Diabetes Mellitus,1505,283,69,18,1875,2025,9,4.64
25/09/2025,Adult,Dermatology,31896,13277,8115,6951,60239,2025,9,25.01037534
25/09/2025,Adult,Clinical Immunology,1649,1101,713,250,3713,2025,9,25.93590089
25/09/2025,Adult,Clinical (Medical) Genetics,963,730,532,908,3133,2025,9,45.96233642
25/09/2025,Adult,Chemical Pathology,49,24,2,0,75,2025,9,2.666666667
25/09/2025,Adult,Cardiology,24375,11363,3721,1634,41093,2025,9,13.03141654
25/09/2025,Adult,Cardio-Thoracic Surgery,343,51,24,16,435,2025,9,9.195402299
25/09/2025,Adult,Breast Surgery,3801,40,2,0,3843,2025,9,0.052042675
25/09/2025,Adult,Anaesthetics,50,7,4,0,61,2025,9,6.557377049
25/09/2025,Adult,Rheumatology,8803,2862,1497,664,13827,2025,9,15.62884212
25/09/2025,Adult,Haematology,7306,2957,1094,479,11836,2025,9,13.28996283
25/09/2025,Adult,Hepato-Biliary Surgery,114,40,16,0,170,2025,9,9.411764706
25/09/2025,Adult,Clinical Neurophysiology,4,28,2,0,34,2025,9,5.882352941
25/09/2025,Adult,Maxillo-Facial,2485,718,138,7,3348,2025,9,4.330943847
25/09/2025,Adult,Radiotherapy,47,0,0,0,47,2025,9,0
25/09/2025,Adult,Infectious Diseases,1042,154,19,7,1222,2025,9,2.127659574
25/09/2025,Adult,Psychiatry,421,62,31,9,523,2025,9,7.648183556
25/09/2025,Adult,Plastic Surgery,10888,2682,983,1858,16411,2025,9,17.31155932
25/09/2025,Adult,Pathology,52,31,37,64,184,2025,9,54.89130435
25/09/2025,Adult,Paediatrics,54,54,43,22,172,2025,9,37.79069767
25/09/2025,Adult,Paed Cardiology,0,5,5,16,26,2025,9,80.76923077
25/09/2025,Adult,Otolaryngology (ENT),21652,9226,2897,2040,35816,2025,9,13.78434219
25/09/2025,Adult,Pain Relief,7595,4450,2117,1375,15537,2025,9,22.47538135
25/09/2025,Adult,Ophthalmology,20150,8640,4971,3835,37596,2025,9,23.42270454
25/09/2025,Adult,Oncology,702,9,0,2,713,2025,9,0.280504909
25/09/2025,Adult,Obstetrics,103,0,0,0,103,2025,9,0
25/09/2025,Adult,Neurosurgery,4817,3393,2367,778,11355,2025,9,27.69704976
25/09/2025,Adult,Neurology,11504,5411,3116,2687,22718,2025,9,25.5436218
25/09/2025,Adult,Orthopaedics,41261,18104,7527,3579,70471,2025,9,15.75967419
25/09/2025,Adult,Nephrology,2917,779,220,100,4016,2025,9,7.96812749
25/09/2025,Adult,Metabolic Medicine,80,47,2,0,129,2025,9,1.550387597
30/10/2025,Child,Immunology,211,78,26,28,343,2025,10,15.74344023
30/10/2025,Adult,Vascular Surgery,8495,2961,1248,565,13268,2025,10,13.66445583
30/10/2025,Child,Clinical (Medical) Genetics,33,2,9,2,46,2025,10,23.91304348
30/10/2025,Child,Clinical Immunology,312,218,125,72,727,2025,10,27.09766162
30/10/2025,Child,Developmental Paediatrics,442,123,14,12,591,2025,10,4.399323181
30/10/2025,Child,Dermatology,1473,755,485,790,3504,2025,10,36.3869863
30/10/2025,Child,General Surgery,738,241,74,5,1058,2025,10,7.466918715
30/10/2025,Adult,Vascular Surgery,1446,184,2,0,1632,2025,10,0.12254902
30/10/2025,Child,Gynaecology,435,116,55,14,620,2025,10,11.12903226
30/10/2025,Child,Dental Surgery,177,74,78,29,358,2025,10,29.88826816
30/10/2025,Adult,Urology,2453,989,42,21,3505,2025,10,1.79743224
30/10/2025,Adult,Radiotherapy,36,0,0,0,36,2025,10,0
30/10/2025,Adult,Small Volume Specialties,546,75,42,8,669,2025,10,7.473841555
30/10/2025,Adult,Small Volume Specialties,9,0,0,0,9,2025,10,0
30/10/2025,Adult,Rheumatology,8325,2749,1393,772,13239,2025,10,16.35319888
30/10/2025,Adult,Rheumatology,417,157,2,0,576,2025,10,0.347222222
30/10/2025,Adult,Respiratory Medicine,1119,483,150,9,1761,2025,10,9.028960818
30/10/2025,Adult,Respiratory Medicine,12520,6190,3167,2324,24201,2025,10,22.68914508
30/10/2025,Adult,Psychiatry,20,2,0,0,22,2025,10,0
30/10/2025,Adult,Psychiatry,435,72,26,18,551,2025,10,7.985480944
30/10/2025,Adult,Plastic Surgery,1912,876,15,2,2805,2025,10,0.606060606
30/10/2025,Child,Maxillo-Facial,232,76,31,0,339,2025,10,9.144542773
30/10/2025,Adult,Urology,12454,5239,2077,1522,21291,2025,10,16.90385609
30/10/2025,Child,Neurology,21,0,0,0,21,2025,10,0
30/10/2025,Child,Paediatrics,12353,3342,1017,574,17286,2025,10,9.2039801
30/10/2025,Child,Orthopaedics,1296,478,224,303,2301,2025,10,22.90308561
30/10/2025,Adult,Plastic Surgery,8897,2238,796,1813,13743,2025,10,18.98421014
30/10/2025,Child,Small Volume Specialties,34,12,5,0,51,2025,10,9.803921569
30/10/2025,Child,Small Volume Specialties,454,107,24,11,595,2025,10,5.882352941
30/10/2025,Child,Rheumatology,281,168,97,135,681,2025,10,34.06754772
30/10/2025,Child,Plastic Surgery,886,213,105,94,1298,2025,10,15.33127889
30/10/2025,Child,Pain Relief,35,12,0,0,47,2025,10,0
30/10/2025,Child,Paediatric Urology,878,535,195,15,1623,2025,10,12.93900185
30/10/2025,Child,Paediatric Surgery,1358,135,44,2,1539,2025,10,2.988953866
30/10/2025,Child,Paediatric Respiratory Medicine,684,435,167,44,1331,2025,10,15.8527423
30/10/2025,Child,Paediatric Neurosurgery,54,2,0,0,56,2025,10,0
30/10/2025,Child,Paediatric Neurology,826,446,249,188,1709,2025,10,25.57050907
30/10/2025,Child,Paediatric Infectious Diseases,38,4,2,2,46,2025,10,8.695652174
30/10/2025,Child,Paediatric ENT,2219,1324,615,659,4817,2025,10,26.44799668
30/10/2025,Child,Paediatric Dermatology,2905,1751,1242,1348,7246,2025,10,35.74385868
30/10/2025,Child,Paediatric Anaesthetics,25,2,0,0,27,2025,10,0
30/10/2025,Child,Paed Orthopaedic,1772,778,329,531,3411,2025,10,25.21254764
30/10/2025,Child,Paed Nephrology,239,128,65,92,524,2025,10,29.96183206
30/10/2025,Child,Paed Metabolic Medicine,21,0,0,0,21,2025,10,0
30/10/2025,Child,Paed Haematology,313,37,6,0,356,2025,10,1.685393258
30/10/2025,Child,Urology,1022,614,388,144,2169,2025,10,24.527432
30/10/2025,Child,Paed Endocrinology,546,210,63,2,821,2025,10,7.917174178
30/10/2025,Child,Paed Cardiology,2115,1197,125,126,3563,2025,10,7.044625316
30/10/2025,Child,Otolaryngology (ENT),4144,2351,791,471,7756,2025,10,16.27127385
30/10/2025,Child,Ophthalmology,2102,633,261,312,3307,2025,10,17.32688237
30/10/2025,Adult,Pathology,60,37,35,66,198,2025,10,51.01010101
30/10/2025,Child,Paed Gastro-Enterol,422,230,95,150,897,2025,10,27.31326644
30/10/2025,Adult,Pain Relief,6280,3805,1873,1367,13325,2025,10,24.315197
30/10/2025,Adult,Geriatric Medicine,3465,568,176,28,4236,2025,10,4.815864023
30/10/2025,Adult,Geriatric Medicine,289,77,2,0,368,2025,10,0.543478261
30/10/2025,Adult,General Surgery,761,34,0,0,795,2025,10,0
30/10/2025,Adult,General Surgery,26757,3779,942,305,31783,2025,10,3.923481106
30/10/2025,Adult,General Medicine,7140,2948,1100,922,12109,2025,10,16.69832356
30/10/2025,Adult,Gastro-Intestinal Surgery,818,128,7,0,954,2025,10,0.733752621
30/10/2025,Adult,Gastro-Enterology,13068,4366,1226,399,19059,2025,10,8.526155622
30/10/2025,Adult,Gastro-Enterology,675,436,128,2,1241,2025,10,10.47542305
30/10/2025,Adult,Endocrinology,1082,760,297,206,2345,2025,10,21.44989339
30/10/2025,Adult,Diabetes Mellitus,1373,285,53,24,1735,2025,10,4.438040346
30/10/2025,Adult,Dermatology,27505,11581,7901,7260,54248,2025,10,27.9475741
30/10/2025,Adult,Dermatology,2944,1713,338,2,4997,2025,10,6.804082449
30/10/2025,Adult,Clinical Immunology,1105,683,363,28,2179,2025,10,17.94401101
30/10/2025,Adult,Clinical Immunology,514,374,294,235,1417,2025,10,37.33239238
30/10/2025,Adult,Clinical (Medical) Genetics,856,649,515,858,2878,2025,10,47.70674079
30/10/2025,Adult,Chemical Pathology,51,21,0,0,72,2025,10,0
30/10/2025,Adult,Cardiology,1265,627,406,62,2360,2025,10,19.83050847
30/10/2025,Adult,Cardiology,22996,10825,3350,1553,38724,2025,10,12.66139862
30/10/2025,Adult,Cardio-Thoracic Surgery,366,44,25,20,455,2025,10,9.89010989
30/10/2025,Adult,Breast Surgery,1091,2,0,0,1093,2025,10,0
30/10/2025,Adult,Breast Surgery,3203,62,2,0,3267,2025,10,0.061218243
30/10/2025,Adult,Anaesthetics,46,8,6,0,61,2025,10,9.836065574
30/10/2025,Adult,Pain Relief,948,780,470,2,2200,2025,10,21.45454545
30/10/2025,Adult,Gynaecology,460,358,71,0,889,2025,10,7.986501687
30/10/2025,Adult,Gynaecology,27023,6134,929,63,34149,2025,10,2.904916689
30/10/2025,Adult,Endocrinology,8731,3669,2172,5887,20459,2025,10,39.39097708
30/10/2025,Adult,Haematology,923,413,208,30,1574,2025,10,15.12071156
30/10/2025,Adult,Paediatrics,61,51,44,28,184,2025,10,39.13043478
30/10/2025,Adult,Haematology,6198,2533,911,338,9979,2025,10,12.5162842
30/10/2025,Adult,Paed Cardiology,0,4,4,19,27,2025,10,85.18518519
30/10/2025,Adult,Otolaryngology (ENT),2028,805,116,18,2967,2025,10,4.516346478
30/10/2025,Adult,Otolaryngology (ENT),19174,8210,3062,2106,32552,2025,10,15.87613664
30/10/2025,Adult,Orthopaedics,39471,17103,7038,3998,67610,2025,10,16.32302914
30/10/2025,Adult,Orthopaedics,1732,1138,624,2,3496,2025,10,17.90617849
30/10/2025,Adult,Ophthalmology,533,289,165,18,1005,2025,10,18.20895522
30/10/2025,Adult,Oncology,753,11,2,2,768,2025,10,0.520833333
30/10/2025,Adult,Oncology,42,0,0,0,42,2025,10,0
30/10/2025,Adult,Obstetrics,92,0,0,0,92,2025,10,0
30/10/2025,Adult,Neurosurgery,2669,1749,1163,433,6014,2025,10,26.53807782
30/10/2025,Adult,Ophthalmology,19669,9020,4750,3766,37206,2025,10,22.88878138
30/10/2025,Adult,Neurology,2093,1640,1043,603,5379,2025,10,30.60048336
30/10/2025,Adult,Hepato-Biliary Surgery,104,49,17,0,169,2025,10,10.0591716
30/10/2025,Adult,Neurosurgery,2076,1535,1115,362,5088,2025,10,29.02908805
30/10/2025,Adult,Infectious Diseases,33,2,0,0,35,2025,10,0
30/10/2025,Adult,Maxillo-Facial,2463,606,202,12,3284,2025,10,6.516443362
30/10/2025,Adult,Maxillo-Facial,54,2,0,0,56,2025,10,0
30/10/2025,Adult,Infectious Diseases,854,139,29,2,1024,2025,10,3.02734375
30/10/2025,Adult,Nephrology,204,2,0,0,206,2025,10,0
30/10/2025,Adult,Nephrology,2831,781,189,102,3902,2025,10,7.457713993
30/10/2025,Adult,Neurology,9739,3928,2120,2376,18163,2025,10,24.75362
30/10/2025,Adult,Metabolic Medicine,87,46,11,0,144,2025,10,7.638888889
27/11/2025,Adult,Vascular Surgery,1369,237,5,0,1611,2025,11,0.310366232
27/11/2025,Child,Gynaecology,450,103,45,9,607,2025,11,8.896210873
27/11/2025,Child,General Surgery,725,246,80,2,1054,2025,11,7.779886148
27/11/2025,Child,Developmental Paediatrics,456,119,4,2,581,2025,11,1.032702238
27/11/2025,Child,Dermatology,1480,751,483,811,3525,2025,11,36.70921986
27/11/2025,Child,Dental Surgery,179,67,76,8,330,2025,11,25.45454545
27/11/2025,Child,Clinical Immunology,322,196,124,80,722,2025,11,28.25484765
27/11/2025,Child,Clinical (Medical) Genetics,25,2,4,0,31,2025,11,12.90322581
27/11/2025,Child,Immunology,192,76,23,18,309,2025,11,13.26860841
27/11/2025,Child,Cardio-Thoracic Surgery,24,0,0,0,24,2025,11,0
27/11/2025,Adult,Vascular Surgery,8477,2827,1154,329,12787,2025,11,11.59771643
27/11/2025,Adult,Plastic Surgery,1880,916,22,2,2821,2025,11,0.850762141
27/11/2025,Adult,Urology,2510,1227,21,2,3760,2025,11,0.611702128
27/11/2025,Adult,Small Volume Specialties,2,0,0,0,2,2025,11,0
27/11/2025,Adult,Rheumatology,7992,2777,1424,880,13073,2025,11,17.62411076
27/11/2025,Adult,Rheumatology,452,168,2,0,622,2025,11,0.321543408
27/11/2025,Adult,Respiratory Medicine,1149,466,111,6,1732,2025,11,6.755196305
27/11/2025,Adult,Respiratory Medicine,12618,6020,2923,2315,23876,2025,11,21.93834813
27/11/2025,Adult,Radiotherapy,40,0,0,0,40,2025,11,0
27/11/2025,Adult,Psychiatry,401,82,28,21,532,2025,11,9.210526316
27/11/2025,Adult,Psychiatry,23,2,0,0,26,2025,11,0
27/11/2025,Child,Maxillo-Facial,258,46,32,0,336,2025,11,9.523809524
27/11/2025,Adult,Urology,12479,5196,1911,1449,21034,2025,11,15.97413711
27/11/2025,Child,Ophthalmology,2108,643,264,273,3288,2025,11,16.33211679
27/11/2025,Child,Urology,1018,600,388,106,2112,2025,11,23.39015152
27/11/2025,Child,Otolaryngology (ENT),4011,2366,683,442,7502,2025,11,14.99600107
27/11/2025,Adult,Plastic Surgery,8370,2240,704,1786,13100,2025,11,19.00763359
27/11/2025,Child,Small Volume Specialties,17,7,7,0,30,2025,11,23.33333333
27/11/2025,Child,Small Volume Specialties,493,98,22,10,623,2025,11,5.136436597
27/11/2025,Child,Rheumatology,260,158,103,126,647,2025,11,35.39412674
27/11/2025,Child,Plastic Surgery,871,240,94,84,1289,2025,11,13.80915438
27/11/2025,Child,Pain Relief,39,7,0,0,46,2025,11,0
27/11/2025,Child,Paediatrics,12773,3244,1019,579,17616,2025,11,9.071298819
27/11/2025,Child,Paediatric Urology,801,444,166,2,1413,2025,11,11.8895966
27/11/2025,Child,Paediatric Surgery,1249,197,81,2,1529,2025,11,5.428384565
27/11/2025,Child,Paediatric Respiratory Medicine,637,437,184,14,1272,2025,11,15.56603774
27/11/2025,Child,Paediatric Neurosurgery,46,2,0,0,48,2025,11,0
27/11/2025,Child,Paediatric Neurology,846,454,235,168,1703,2025,11,23.66412214
27/11/2025,Child,Paediatric Infectious Diseases,38,7,4,2,51,2025,11,11.76470588
27/11/2025,Child,Paediatric ENT,2263,1219,554,499,4535,2025,11,23.21940463
27/11/2025,Child,Paediatric Dermatology,2928,1755,1134,1294,7111,2025,11,34.1442835
27/11/2025,Child,Paediatric Anaesthetics,59,2,0,0,61,2025,11,0
27/11/2025,Child,Paed Orthopaedic,1760,706,345,486,3297,2025,11,25.20473157
27/11/2025,Child,Paed Nephrology,244,135,58,89,526,2025,11,27.94676806
27/11/2025,Child,Paed Haematology,310,42,6,0,358,2025,11,1.675977654
27/11/2025,Child,Paed Gastro-Enterol,322,211,104,152,789,2025,11,32.44613435
27/11/2025,Child,Paed Endocrinology,529,195,62,2,788,2025,11,8.121827411
27/11/2025,Child,Paed Cardiology,2106,1228,191,134,3659,2025,11,8.882208254
27/11/2025,Child,Otolaryngology (ENT),20,1,0,0,22,2025,11,0
27/11/2025,Child,Orthopaedics,1302,457,230,260,2249,2025,11,21.78746109
27/11/2025,Adult,Pathology,48,43,29,72,192,2025,11,52.60416667
27/11/2025,Adult,Small Volume Specialties,562,67,37,12,678,2025,11,7.227138643
27/11/2025,Adult,Pain Relief,6591,3854,2010,1229,13684,2025,11,23.66997954
27/11/2025,Adult,Geriatric Medicine,3445,596,180,33,4253,2025,11,5.008229485
27/11/2025,Adult,Geriatric Medicine,540,62,2,0,604,2025,11,0.331125828
27/11/2025,Adult,General Surgery,764,38,0,0,802,2025,11,0
27/11/2025,Adult,General Surgery,26960,3516,722,340,31538,2025,11,3.367366352
27/11/2025,Adult,General Medicine,7011,2952,1155,922,12041,2025,11,17.24939789
27/11/2025,Adult,Gastro-Intestinal Surgery,841,174,4,0,1018,2025,11,0.392927308
27/11/2025,Adult,Gastro-Enterology,13164,4517,1166,354,19201,2025,11,7.916254362
27/11/2025,Adult,Gastro-Enterology,683,369,14,0,1066,2025,11,1.313320826
27/11/2025,Adult,Endocrinology,1133,830,194,123,2280,2025,11,13.90350877
27/11/2025,Adult,Endocrinology,8772,3498,2106,6014,20391,2025,11,39.82148987
27/11/2025,Adult,Diabetes Mellitus,1329,291,46,30,1695,2025,11,4.483775811
27/11/2025,Adult,Dermatology,26944,11587,7738,7426,53695,2025,11,28.24099078
27/11/2025,Adult,Dermatology,3182,1710,126,0,5018,2025,11,2.510960542
27/11/2025,Adult,Clinical Immunology,585,365,277,234,1461,2025,11,34.97604381
27/11/2025,Adult,Clinical Immunology,1120,662,318,35,2135,2025,11,16.53395785
27/11/2025,Adult,Chemical Pathology,65,18,0,0,83,2025,11,0
27/11/2025,Adult,Cardiology,1423,637,253,54,2367,2025,11,12.97000422
27/11/2025,Adult,Cardiology,23412,10632,2908,1498,38449,2025,11,11.45933574
27/11/2025,Adult,Cardio-Thoracic Surgery,354,47,26,22,450,2025,11,10.66666667
27/11/2025,Adult,Breast Surgery,953,5,0,0,958,2025,11,0
27/11/2025,Adult,Breast Surgery,2836,62,2,0,2900,2025,11,0.068965517
27/11/2025,Adult,Anaesthetics,28,0,0,0,28,2025,11,0
27/11/2025,Adult,Pain Relief,886,852,528,25,2291,2025,11,24.13793103
27/11/2025,Adult,Gynaecology,27964,6252,883,82,35181,2025,11,2.742957847
27/11/2025,Adult,Gynaecology,366,382,102,0,850,2025,11,12
27/11/2025,Adult,Clinical (Medical) Genetics,850,615,512,858,2835,2025,11,48.32451499
27/11/2025,Adult,Haematology,6212,2536,870,359,9976,2025,11,12.31956696
27/11/2025,Adult,Paediatrics,61,47,43,32,183,2025,11,40.98360656
27/11/2025,Adult,Haematology,968,439,88,8,1503,2025,11,6.387225549
27/11/2025,Adult,Paed Cardiology,0,7,7,20,34,2025,11,79.41176471
27/11/2025,Adult,Otolaryngology (ENT),19334,8039,3018,1910,32302,2025,11,15.2560213
27/11/2025,Adult,Otolaryngology (ENT),2279,844,137,25,3285,2025,11,4.931506849
27/11/2025,Adult,Orthopaedics,38762,17594,7022,3827,67205,2025,11,16.14314411
27/11/2025,Adult,Ophthalmology,19621,9123,4971,3567,37283,2025,11,22.90051766
27/11/2025,Adult,Ophthalmology,507,300,178,28,1013,2025,11,20.33563672
27/11/2025,Adult,Oncology,61,0,0,0,61,2025,11,0
27/11/2025,Adult,Oncology,749,9,4,2,764,2025,11,0.785340314
27/11/2025,Adult,Obstetrics,126,0,0,0,126,2025,11,0
27/11/2025,Adult,Orthopaedics,1663,1119,670,2,3454,2025,11,19.45570353
27/11/2025,Adult,Neurosurgery,2044,1611,1067,232,4954,2025,11,26.22123537
27/11/2025,Adult,Neurosurgery,2721,1782,1207,526,6236,2025,11,27.79025016
27/11/2025,Adult,Hepato-Biliary Surgery,101,63,14,0,178,2025,11,7.865168539
27/11/2025,Adult,Infectious Diseases,24,0,0,0,24,2025,11,0
27/11/2025,Adult,Infectious Diseases,768,136,39,7,951,2025,11,4.83701367
27/11/2025,Adult,Maxillo-Facial,2324,411,177,8,2919,2025,11,6.337786913
27/11/2025,Adult,Maxillo-Facial,61,2,0,0,64,2025,11,0
27/11/2025,Adult,Nephrology,2804,755,164,95,3817,2025,11,6.785433587
27/11/2025,Adult,Nephrology,250,27,0,0,277,2025,11,0
27/11/2025,Adult,Neurology,2126,1708,1090,655,5579,2025,11,31.27800681
27/11/2025,Adult,Neurology,9876,3880,2067,2417,18240,2025,11,24.58333333
27/11/2025,Adult,Metabolic Medicine,89,45,13,0,147,2025,11,8.843537415
18/12/2025,Child,Otolaryngology (ENT),4093,2359,624,352,7428,2025,12,13.13947227
18/12/2025,Child,Paed Cardiology,2070,1233,211,135,3649,2025,12,9.482049877
18/12/2025,Child,Orthopaedics,1287,426,260,248,2221,2025,12,22.87257992
18/12/2025,Child,Ophthalmology,2291,651,277,265,3484,2025,12,15.55683123
18/12/2025,Child,Maxillo-Facial,251,41,33,0,325,2025,12,10.15384615
18/12/2025,Child,Immunology,184,55,13,14,266,2025,12,10.15037594
18/12/2025,Child,Gynaecology,489,108,46,0,643,2025,12,7.153965785
18/12/2025,Child,Dental Surgery,169,67,63,18,317,2025,12,25.55205047
18/12/2025,Child,Developmental Paediatrics,479,135,6,2,621,2025,12,1.288244767
18/12/2025,Child,Dermatology,1468,742,483,824,3517,2025,12,37.16235428
18/12/2025,Child,Clinical Immunology,332,187,129,77,725,2025,12,28.4137931
18/12/2025,Adult,Vascular Surgery,9441,2980,1070,258,13749,2025,12,9.658884282
18/12/2025,Adult,Urology,14955,6245,1805,1400,24405,2025,12,13.1325548
18/12/2025,Child,Paed Endocrinology,502,204,63,2,770,2025,12,8.441558442
18/12/2025,Adult,Small Volume Specialties,572,53,20,9,653,2025,12,4.441041348
18/12/2025,Child,General Surgery,674,209,84,4,972,2025,12,9.053497942
18/12/2025,Child,Paed Gastro-Enterol,351,181,115,153,800,2025,12,33.5
18/12/2025,Child,Paediatric Surgery,1148,106,35,0,1289,2025,12,2.715283165
18/12/2025,Child,Paed Metabolic Medicine,22,2,0,0,24,2025,12,0
18/12/2025,Adult,Rheumatology,8361,2912,1324,953,13549,2025,12,16.80566832
18/12/2025,Child,Small Volume Specialties,546,88,30,9,673,2025,12,5.794947994
18/12/2025,Child,Rheumatology,259,161,99,87,606,2025,12,30.69306931
18/12/2025,Child,Plastic Surgery,877,197,101,77,1252,2025,12,14.2172524
18/12/2025,Child,Pain Relief,42,2,0,0,43,2025,12,0
18/12/2025,Child,Paediatrics,12886,3054,974,572,17486,2025,12,8.841358801
18/12/2025,Child,Paediatric Urology,848,474,106,0,1428,2025,12,7.422969188
18/12/2025,Child,Paediatric Respiratory Medicine,641,430,186,11,1268,2025,12,15.5362776
18/12/2025,Child,Paediatric Neurosurgery,40,2,0,0,42,2025,12,0
18/12/2025,Child,Paediatric Neurology,878,449,239,147,1713,2025,12,22.53356684
18/12/2025,Child,Paediatric Infectious Diseases,29,12,3,2,45,2025,12,11.11111111
18/12/2025,Child,Paediatric ENT,2364,1214,513,417,4508,2025,12,20.62999113
18/12/2025,Child,Paediatric Dermatology,2969,1744,1126,1305,7144,2025,12,34.02855543
18/12/2025,Child,Paed Orthopaedic,1709,705,355,502,3271,2025,12,26.19993886
18/12/2025,Child,Paed Nephrology,225,133,71,57,486,2025,12,26.33744856
18/12/2025,Child,Paed Haematology,277,45,2,0,323,2025,12,0.619195046
18/12/2025,Adult,Respiratory Medicine,13897,6220,2910,2309,25336,2025,12,20.59914746
18/12/2025,Adult,Gastro-Intestinal Surgery,821,199,11,0,1031,2025,12,1.066925315
18/12/2025,Adult,Radiology,16,2,4,0,21,2025,12,19.04761905
18/12/2025,Adult,Gynaecology,28256,6439,766,91,35552,2025,12,2.410553555
18/12/2025,Adult,Geriatric Medicine,4058,640,165,28,4891,2025,12,3.946023308
18/12/2025,Adult,General Surgery,25502,3586,610,328,30026,2025,12,3.123959235
18/12/2025,Adult,General Medicine,6905,2908,1177,919,11909,2025,12,17.60013435
18/12/2025,Adult,Gastro-Enterology,13595,4692,1157,326,19770,2025,12,7.501264542
18/12/2025,Adult,Endocrinology,9684,4077,2138,6059,21958,2025,12,37.33035796
18/12/2025,Adult,Diabetes Mellitus,1322,291,42,23,1677,2025,12,3.875968992
18/12/2025,Adult,Dermatology,29294,13082,7350,7168,56894,2025,12,25.51762928
18/12/2025,Adult,Clinical Immunology,1659,1001,510,235,3405,2025,12,21.87958884
18/12/2025,Adult,Clinical (Medical) Genetics,843,662,517,890,2912,2025,12,48.31730769
18/12/2025,Adult,Chemical Pathology,123,55,25,80,283,2025,12,37.1024735
18/12/2025,Adult,Cardiology,24598,10864,2937,1405,39803,2025,12,10.90872547
18/12/2025,Adult,Cardio-Thoracic Surgery,361,41,29,23,454,2025,12,11.45374449
18/12/2025,Adult,Breast Surgery,4689,64,2,0,4755,2025,12,0.042060988
18/12/2025,Child,Urology,1018,588,388,76,2070,2025,12,22.41545894
18/12/2025,Adult,Haematology,7175,2863,852,369,11259,2025,12,10.84465761
18/12/2025,Adult,Radiotherapy,35,0,0,0,35,2025,12,0
18/12/2025,Adult,Hepato-Biliary Surgery,97,58,16,0,171,2025,12,9.356725146
18/12/2025,Adult,Infectious Diseases,722,136,40,7,906,2025,12,5.187637969
18/12/2025,Adult,Psychiatry,475,85,22,22,604,2025,12,7.284768212
18/12/2025,Adult,Plastic Surgery,10065,3158,602,1766,15591,2025,12,15.18824963
18/12/2025,Adult,Pain Relief,7717,4763,2551,1269,16300,2025,12,23.43558282
18/12/2025,Adult,Paediatrics,78,43,50,37,209,2025,12,41.62679426
18/12/2025,Adult,Paed Cardiology,0,5,10,20,35,2025,12,85.71428571
18/12/2025,Adult,Otolaryngology (ENT),21437,8416,3086,1640,34578,2025,12,13.66764995
18/12/2025,Adult,Orthopaedics,40027,19024,7450,3761,70262,2025,12,15.95599328
18/12/2025,Adult,Ophthalmology,19894,9419,5143,3565,38021,2025,12,22.90313248
18/12/2025,Adult,Oncology,815,13,0,0,829,2025,12,0
18/12/2025,Adult,Obstetrics,106,0,0,0,106,2025,12,0
18/12/2025,Adult,Neurosurgery,4531,3121,1754,617,10023,2025,12,23.65559214
18/12/2025,Adult,Neurology,12017,5294,2974,3122,23407,2025,12,26.04349126
18/12/2025,Adult,Nephrology,3134,685,138,91,4048,2025,12,5.657114625
18/12/2025,Adult,Metabolic Medicine,89,47,10,0,146,2025,12,6.849315068
18/12/2025,Adult,Maxillo-Facial,2399,383,169,5,2956,2025,12,5.886332882
18/12/2025,Adult,Immunology,38,0,0,0,38,2025,12,0
18/12/2025,Child,Vascular Surgery,13,4,6,0,23,2025,12,26.08695652
